util_type,symbol,id,candle_time,action,price,stop_loss,target_price,current_price,exit_price,pnl,status,executed_at,exchange_mode
TRADE_HISTORY,ICICIBANK_KOTAKBANK,1,01-04-2024 09:19,BUY,-9.80693,-20.14,0.52,,1.25859,51907.9,target_hit,01-04-2024 14:44,nse
TRADE_HISTORY,ULTRACEMCO_GRASIM,2,01-04-2024 09:24,BUY,-140.79783,-270.79,-10.81,,-5.50605,46738.6,target_hit,01-04-2024 10:24,nse
TRADE_HISTORY,TATASTEEL_HINDALCO,3,01-04-2024 10:49,SELL,3.01997,5.95,0.09,,5.09959,-76104.6,stop_loss_hit,01-04-2024 12:49,nse
TRADE_HISTORY,IOC_BPCL,4,01-04-2024 11:09,SELL,1.92291,3.8,0.04,,-0.01177,47081.4,target_hit,02-04-2024 10:44,nse
TRADE_HISTORY,TATASTEEL_HINDALCO,5,01-04-2024 12:54,SELL,5.3063,8.51,2.1,,1.43807,11076.5,target_hit,01-04-2024 13:19,nse
TRADE_HISTORY,BAJFINANCE_BAJAJFINSV,6,02-04-2024 11:19,BUY,-81.37761,-156.18,-6.57,,6.75054,16371.9,target_hit,02-04-2024 15:29,nse
TRADE_HISTORY,IOC_BPCL,7,02-04-2024 14:19,SELL,2.04536,4.0,0.09,,-0.2101,12854.9,target_hit,04-04-2024 14:14,nse
TRADE_HISTORY,ULTRACEMCO_GRASIM,8,02-04-2024 15:29,SELL,142.05215,272.88,11.22,,283.91017,-65807.3,stop_loss_hit,03-04-2024 09:19,nse
TRADE_HISTORY,ICICIBANK_KOTAKBANK,9,03-04-2024 09:24,SELL,10.54864,20.21,0.89,,0.86344,-37265.4,target_hit,03-04-2024 14:39,nse
TRADE_HISTORY,ULTRACEMCO_GRASIM,10,03-04-2024 09:24,SELL,290.41008,421.6,159.22,,150.50201,27571.4,target_hit,03-04-2024 10:09,nse
TRADE_HISTORY,BAJFINANCE_BAJAJFINSV,11,03-04-2024 09:54,SELL,81.61661,159.26,3.98,,3.82781,-3199.8,target_hit,03-04-2024 11:29,nse
TRADE_HISTORY,NTPC_POWERGRID,12,03-04-2024 14:49,SELL,5.99752,11.84,0.16,,11.83635,-73231.5,stop_loss_hit,04-04-2024 10:09,nse
TRADE_HISTORY,ICICIBANK_KOTAKBANK,13,04-04-2024 09:29,BUY,-10.60995,-21.4,0.18,,1.04756,1951.0,target_hit,04-04-2024 11:19,nse
TRADE_HISTORY,NTPC_POWERGRID,14,04-04-2024 10:14,SELL,12.20114,18.39,6.01,,4.29509,-22421.8,target_hit,04-04-2024 11:04,nse
TRADE_HISTORY,TATASTEEL_HINDALCO,15,04-04-2024 11:04,BUY,-2.92493,-5.81,-0.04,,0.11766,52116.8,target_hit,04-04-2024 12:39,nse
TRADE_HISTORY,TCS_WIPRO,16,04-04-2024 11:14,SELL,66.21214,130.3,2.12,,0.05784,-8627.0,target_hit,09-04-2024 11:54,nse
TRADE_HISTORY,HINDUNILVR_DABUR,17,04-04-2024 12:59,SELL,50.3527,77.99,22.72,,78.44389,-66631.0,stop_loss_hit,04-04-2024 13:39,nse
TRADE_HISTORY,HINDUNILVR_DABUR,18,04-04-2024 13:44,SELL,73.41799,101.82,45.01,,38.1972,-20577.7,target_hit,04-04-2024 14:29,nse
TRADE_HISTORY,BAJFINANCE_BAJAJFINSV,19,05-04-2024 09:19,BUY,-135.94252,-214.64,-57.25,,-38.63006,-16455.1,target_hit,05-04-2024 10:14,nse
TRADE_HISTORY,ICICIBANK_KOTAKBANK,20,05-04-2024 09:24,BUY,-12.54529,-23.34,-1.75,,-0.62668,-18080.2,target_hit,05-04-2024 10:44,nse
TRADE_HISTORY,BAJFINANCE_BAJAJFINSV,21,08-04-2024 09:29,BUY,-83.36237,-162.42,-4.3,,-2.59342,4811.7,target_hit,08-04-2024 11:24,nse
TRADE_HISTORY,NTPC_POWERGRID,22,08-04-2024 09:34,BUY,-6.93522,-13.18,-0.69,,-0.00496,38472.7,target_hit,08-04-2024 13:14,nse
TRADE_HISTORY,ULTRACEMCO_GRASIM,23,08-04-2024 14:44,BUY,-133.53982,-263.38,-3.7,,-62.9096,-73295.6,target_hit,09-04-2024 14:59,nse
TRADE_HISTORY,NTPC_POWERGRID,24,08-04-2024 15:24,SELL,6.90518,13.33,0.48,,-0.42806,29781.4,target_hit,10-04-2024 10:34,nse
TRADE_HISTORY,ICICIBANK_KOTAKBANK,25,09-04-2024 09:29,SELL,13.80815,23.96,3.66,,8.75644,-72680.0,target_hit,09-04-2024 11:39,nse
TRADE_HISTORY,IOC_BPCL,26,09-04-2024 09:59,SELL,2.15824,4.1,0.22,,0.17117,29559.6,target_hit,09-04-2024 12:39,nse
TRADE_HISTORY,ICICIBANK_KOTAKBANK,27,10-04-2024 10:04,BUY,-10.75933,-21.64,0.12,,-11.04734,-78768.2,stop_loss_hit,10-04-2024 12:44,nse
TRADE_HISTORY,TATASTEEL_HINDALCO,28,10-04-2024 10:24,BUY,-3.07214,-5.93,-0.21,,-2.2536,-72183.1,target_hit,10-04-2024 15:04,nse
TRADE_HISTORY,ICICIBANK_KOTAKBANK,29,10-04-2024 12:49,BUY,-11.4528,-22.85,-0.06,,1.45191,27034.0,target_hit,10-04-2024 13:19,nse
TRADE_HISTORY,BAJFINANCE_BAJAJFINSV,30,12-04-2024 09:19,SELL,73.14673,149.55,-3.26,,-4.50332,59249.1,target_hit,12-04-2024 10:34,nse
TRADE_HISTORY,IOC_BPCL,31,12-04-2024 09:29,BUY,-1.9087,-3.84,0.02,,0.30319,-18275.9,target_hit,15-04-2024 11:49,nse
TRADE_HISTORY,NTPC_POWERGRID,32,12-04-2024 09:29,SELL,7.90215,14.24,1.57,,1.0738,-3965.7,target_hit,15-04-2024 14:39,nse
TRADE_HISTORY,TCS_WIPRO,33,12-04-2024 15:04,SELL,80.71767,141.78,19.65,,151.36457,-75447.3,stop_loss_hit,15-04-2024 09:19,nse
TRADE_HISTORY,TCS_WIPRO,34,15-04-2024 09:24,SELL,156.8859,218.68,95.1,,82.07277,6233.9,target_hit,15-04-2024 09:54,nse
TRADE_HISTORY,ICICIBANK_KOTAKBANK,35,15-04-2024 10:14,BUY,-11.24047,-21.98,-0.5,,-0.18529,4651.4,target_hit,15-04-2024 13:19,nse
TRADE_HISTORY,ULTRACEMCO_GRASIM,36,16-04-2024 09:34,BUY,-136.94542,-260.96,-12.93,,-10.1337,23020.9,target_hit,16-04-2024 14:19,nse
TRADE_HISTORY,ICICIBANK_KOTAKBANK,37,16-04-2024 12:04,BUY,-10.77168,-21.94,0.4,,2.13945,7150.7,target_hit,16-04-2024 14:49,nse
TRADE_HISTORY,BAJFINANCE_BAJAJFINSV,38,16-04-2024 12:34,SELL,78.72526,155.72,1.73,,-14.13957,54317.1,target_hit,18-04-2024 09:59,nse
TRADE_HISTORY,NTPC_POWERGRID,39,18-04-2024 09:19,BUY,-13.84236,-20.47,-7.22,,-5.36076,9191.5,target_hit,18-04-2024 10:54,nse
TRADE_HISTORY,ULTRACEMCO_GRASIM,40,18-04-2024 11:19,BUY,-143.63944,-273.9,-13.38,,-10.6024,17352.5,target_hit,18-04-2024 13:54,nse
TRADE_HISTORY,BAJFINANCE_BAJAJFINSV,41,18-04-2024 15:04,SELL,84.07817,161.0,7.15,,5.61841,-51380.1,target_hit,19-04-2024 14:24,nse
TRADE_HISTORY,IOC_BPCL,42,19-04-2024 09:39,SELL,2.04397,3.74,0.35,,0.09519,61465.9,target_hit,19-04-2024 10:49,nse
TRADE_HISTORY,TCS_WIPRO,43,19-04-2024 13:59,BUY,-61.19354,-124.49,2.1,,-121.1695,-73814.2,stop_loss_hit,22-04-2024 09:39,nse
TRADE_HISTORY,ULTRACEMCO_GRASIM,44,22-04-2024 09:19,SELL,169.24122,300.42,38.06,,36.04574,18459.3,target_hit,22-04-2024 11:04,nse
TRADE_HISTORY,BAJFINANCE_BAJAJFINSV,45,22-04-2024 09:24,SELL,96.57499,179.3,13.85,,1.87743,25016.0,target_hit,22-04-2024 10:19,nse
TRADE_HISTORY,TCS_WIPRO,46,22-04-2024 09:44,BUY,-137.63785,-203.41,-71.86,,-66.09756,-4827.6,target_hit,22-04-2024 10:19,nse
TRADE_HISTORY,NTPC_POWERGRID,47,22-04-2024 10:04,BUY,-6.99973,-13.81,-0.19,,-0.18401,-25087.2,target_hit,22-04-2024 15:29,nse
TRADE_HISTORY,ULTRACEMCO_GRASIM,48,23-04-2024 10:59,BUY,-138.69956,-269.33,-8.07,,-277.25636,-70848.9,stop_loss_hit,23-04-2024 11:24,nse
TRADE_HISTORY,ULTRACEMCO_GRASIM,49,23-04-2024 11:29,BUY,-280.26727,-412.38,-148.15,,-129.05856,12652.9,target_hit,23-04-2024 11:54,nse
TRADE_HISTORY,ICICIBANK_KOTAKBANK,50,25-04-2024 09:19,SELL,103.54946,114.34,92.76,,42.88085,-5173.8,target_hit,25-04-2024 09:39,nse
TRADE_HISTORY,IOC_BPCL,51,25-04-2024 09:29,SELL,1.85455,3.6,0.11,,0.08825,49068.7,target_hit,25-04-2024 13:34,nse
TRADE_HISTORY,BAJFINANCE_BAJAJFINSV,52,25-04-2024 13:24,BUY,-82.74641,-161.18,-4.31,,-231.18715,-141991.2,stop_loss_hit,26-04-2024 09:19,nse
TRADE_HISTORY,ICICIBANK_KOTAKBANK,53,25-04-2024 14:14,SELL,17.79179,33.41,2.18,,-2.06057,13736.4,target_hit,25-04-2024 15:04,nse
TRADE_HISTORY,IOC_BPCL,54,25-04-2024 14:59,BUY,-1.75494,-3.55,0.04,,0.27684,66079.4,target_hit,26-04-2024 09:19,nse
TRADE_HISTORY,BAJFINANCE_BAJAJFINSV,55,26-04-2024 09:24,BUY,-184.13171,-266.61,-101.66,,-237.68792,-84968.2,stop_loss_hit,26-04-2024 09:39,nse
TRADE_HISTORY,TCS_WIPRO,56,26-04-2024 09:39,BUY,-59.90781,-115.93,-3.89,,-3.5262,-22609.8,target_hit,26-04-2024 13:44,nse
TRADE_HISTORY,BAJFINANCE_BAJAJFINSV,57,26-04-2024 09:44,BUY,-158.51643,-270.31,-46.73,,-25.86531,-57.4,target_hit,26-04-2024 09:49,nse
TRADE_HISTORY,IOC_BPCL,58,26-04-2024 11:24,BUY,-1.88511,-3.73,-0.04,,0.48743,58531.8,target_hit,29-04-2024 09:29,nse
TRADE_HISTORY,NTPC_POWERGRID,59,29-04-2024 13:14,SELL,6.74437,13.23,0.26,,-0.02438,50743.7,target_hit,30-04-2024 10:09,nse
TRADE_HISTORY,IOC_BPCL,60,30-04-2024 09:19,SELL,2.28076,4.23,0.33,,-0.10477,65966.5,target_hit,30-04-2024 10:24,nse
TRADE_HISTORY,IOC_BPCL,61,30-04-2024 14:39,BUY,-2.08803,-4.05,-0.12,,-4.06509,-69376.5,stop_loss_hit,30-04-2024 15:14,nse
TRADE_HISTORY,IOC_BPCL,62,30-04-2024 15:19,BUY,-4.12853,-6.14,-2.11,,-6.28222,-79048.8,stop_loss_hit,02-05-2024 09:19,nse
TRADE_HISTORY,IOC_BPCL,63,02-05-2024 09:24,BUY,-6.3582,-8.5,-4.22,,-1.42475,13121.0,target_hit,02-05-2024 09:34,nse
TRADE_HISTORY,NTPC_POWERGRID,64,02-05-2024 09:29,BUY,-10.82692,-17.74,-3.91,,-2.34675,-30279.6,target_hit,02-05-2024 10:49,nse
TRADE_HISTORY,NTPC_POWERGRID,65,03-05-2024 09:19,SELL,9.50272,16.81,2.2,,2.00987,47105.1,target_hit,03-05-2024 10:14,nse
TRADE_HISTORY,BAJFINANCE_BAJAJFINSV,66,03-05-2024 09:29,SELL,92.99362,176.89,9.09,,214.77136,-88438.9,stop_loss_hit,03-05-2024 09:39,nse
TRADE_HISTORY,BAJFINANCE_BAJAJFINSV,67,03-05-2024 09:44,SELL,177.47005,261.59,93.35,,63.90506,28737.1,target_hit,03-05-2024 10:49,nse
TRADE_HISTORY,TCS_WIPRO,68,06-05-2024 10:14,SELL,70.956,135.93,5.98,,4.82128,-15913.3,target_hit,07-05-2024 14:14,nse
TRADE_HISTORY,IOC_BPCL,69,07-05-2024 09:19,BUY,-2.18514,-4.18,-0.19,,-0.18053,-54363.9,target_hit,07-05-2024 13:49,nse
TRADE_HISTORY,IOC_BPCL,70,10-05-2024 09:19,BUY,-2.27624,-4.29,-0.26,,-0.08186,-44436.7,target_hit,10-05-2024 11:59,nse
TRADE_HISTORY,HINDUNILVR_DABUR,71,10-05-2024 09:19,SELL,55.51496,87.69,23.34,,22.15139,21443.8,target_hit,10-05-2024 11:04,nse
TRADE_HISTORY,IOC_BPCL,72,13-05-2024 09:29,SELL,2.53974,4.61,0.47,,0.35926,13118.2,target_hit,13-05-2024 11:14,nse
TRADE_HISTORY,TCS_WIPRO,73,13-05-2024 09:54,SELL,70.94682,133.98,7.91,,5.87002,36951.6,target_hit,14-05-2024 09:19,nse
TRADE_HISTORY,HINDUNILVR_DABUR,74,13-05-2024 10:29,SELL,33.66609,68.84,-1.51,,-4.55512,56263.9,target_hit,13-05-2024 11:44,nse
TRADE_HISTORY,NTPC_POWERGRID,75,13-05-2024 14:54,BUY,-7.81936,-14.62,-1.02,,-0.89236,10881.4,target_hit,14-05-2024 15:04,nse
TRADE_HISTORY,HINDUNILVR_DABUR,76,14-05-2024 13:24,BUY,-38.17744,-73.64,-2.71,,-2.51189,46177.1,target_hit,14-05-2024 15:24,nse
TRADE_HISTORY,IOC_BPCL,77,15-05-2024 15:19,BUY,-2.21856,-4.32,-0.11,,-0.04535,55148.1,target_hit,16-05-2024 09:54,nse
TRADE_HISTORY,TCS_WIPRO,78,16-05-2024 09:19,BUY,-88.83816,-153.73,-23.94,,-18.27097,36419.5,target_hit,16-05-2024 11:19,nse
TRADE_HISTORY,HINDUNILVR_DABUR,79,16-05-2024 12:14,SELL,33.87509,67.44,0.31,,-3.35796,20507.9,target_hit,18-05-2024 11:34,nse
TRADE_HISTORY,IOC_BPCL,80,21-05-2024 09:24,BUY,-2.33379,-4.39,-0.27,,-0.15843,34613.0,target_hit,22-05-2024 10:09,nse
TRADE_HISTORY,HINDUNILVR_DABUR,81,22-05-2024 09:39,BUY,-44.32402,-78.84,-9.81,,-9.65605,58250.1,target_hit,22-05-2024 10:19,nse
TRADE_HISTORY,NTPC_POWERGRID,82,23-05-2024 09:19,SELL,13.12308,19.22,7.03,,6.43468,41064.8,target_hit,23-05-2024 12:09,nse
TRADE_HISTORY,HINDUNILVR_DABUR,83,23-05-2024 13:19,BUY,-39.58123,-74.64,-4.52,,-1.58212,56545.7,target_hit,24-05-2024 09:19,nse
TRADE_HISTORY,TCS_WIPRO,84,27-05-2024 09:34,SELL,74.40526,138.74,10.07,,9.12594,-38601.3,target_hit,27-05-2024 13:54,nse
TRADE_HISTORY,BAJFINANCE_BAJAJFINSV,85,27-05-2024 11:59,SELL,79.65338,151.39,7.92,,5.37205,-38882.8,target_hit,28-05-2024 13:49,nse
TRADE_HISTORY,HINDUNILVR_DABUR,86,28-05-2024 09:34,BUY,-40.87755,-77.62,-4.13,,-2.3395,49567.4,target_hit,28-05-2024 10:59,nse
TRADE_HISTORY,BAJFINANCE_BAJAJFINSV,87,29-05-2024 11:29,SELL,78.24995,154.39,2.11,,-1.27095,34126.4,target_hit,29-05-2024 13:39,nse
TRADE_HISTORY,HINDUNILVR_DABUR,88,29-05-2024 15:24,SELL,35.10007,72.08,-1.88,,-3.73295,34628.8,target_hit,31-05-2024 15:24,nse
TRADE_HISTORY,BAJFINANCE_BAJAJFINSV,89,31-05-2024 10:34,SELL,80.27958,155.25,5.3,,-0.92452,4361.2,target_hit,31-05-2024 13:59,nse
TRADE_HISTORY,NTPC_POWERGRID,90,03-06-2024 09:24,BUY,-6.71714,-12.89,-0.54,,-12.90085,-69684.1,stop_loss_hit,03-06-2024 10:44,nse
TRADE_HISTORY,IOC_BPCL,91,03-06-2024 09:24,BUY,-2.67908,-4.53,-0.82,,-0.35689,74119.5,target_hit,03-06-2024 09:49,nse
TRADE_HISTORY,HINDUNILVR_DABUR,92,03-06-2024 10:34,SELL,32.6066,67.1,-1.89,,-8.03595,54412.5,target_hit,04-06-2024 09:44,nse
TRADE_HISTORY,NTPC_POWERGRID,93,03-06-2024 10:49,BUY,-13.39562,-19.82,-6.97,,-6.74744,56736.5,target_hit,03-06-2024 11:09,nse
TRADE_HISTORY,NTPC_POWERGRID,94,03-06-2024 11:14,BUY,-7.29871,-13.87,-0.73,,-0.51028,20304.6,target_hit,03-06-2024 13:59,nse
TRADE_HISTORY,TCS_WIPRO,95,03-06-2024 11:39,BUY,-62.22177,-128.81,4.37,,18.25956,64549.9,target_hit,04-06-2024 09:29,nse
TRADE_HISTORY,IOC_BPCL,96,03-06-2024 13:24,SELL,2.62662,4.5,0.76,,0.51697,55654.7,target_hit,04-06-2024 09:24,nse
TRADE_HISTORY,NTPC_POWERGRID,97,03-06-2024 15:19,SELL,6.52048,13.21,-0.17,,-0.74713,46975.7,target_hit,04-06-2024 10:39,nse
TRADE_HISTORY,BAJFINANCE_BAJAJFINSV,98,04-06-2024 09:19,BUY,-70.32633,-139.78,-0.87,,12.24619,70437.1,target_hit,04-06-2024 09:29,nse
TRADE_HISTORY,IOC_BPCL,99,04-06-2024 09:49,SELL,2.57927,4.59,0.57,,0.53196,57540.1,target_hit,04-06-2024 10:49,nse
TRADE_HISTORY,HINDUNILVR_DABUR,100,04-06-2024 11:04,SELL,35.75873,70.79,0.73,,-2.78485,21190.8,target_hit,04-06-2024 14:09,nse
TRADE_HISTORY,IOC_BPCL,101,04-06-2024 11:24,SELL,3.15662,5.19,1.12,,6.66811,-113062.7,stop_loss_hit,04-06-2024 12:09,nse
TRADE_HISTORY,BAJFINANCE_BAJAJFINSV,102,04-06-2024 11:59,SELL,84.89637,154.71,15.08,,157.70406,-63405.1,stop_loss_hit,04-06-2024 12:04,nse
TRADE_HISTORY,BAJFINANCE_BAJAJFINSV,103,04-06-2024 12:09,SELL,227.89148,297.79,157.99,,128.85794,74645.4,target_hit,04-06-2024 12:24,nse
TRADE_HISTORY,IOC_BPCL,104,04-06-2024 12:14,SELL,8.48511,10.61,6.36,,-0.7759,223587.4,target_hit,04-06-2024 12:29,nse
TRADE_HISTORY,NTPC_POWERGRID,105,04-06-2024 12:24,BUY,-8.78571,-15.46,-2.12,,-1.50445,62247.1,target_hit,04-06-2024 12:34,nse
TRADE_HISTORY,BAJFINANCE_BAJAJFINSV,106,04-06-2024 12:29,SELL,147.33191,220.81,73.85,,66.36199,47245.2,target_hit,04-06-2024 12:39,nse
TRADE_HISTORY,NTPC_POWERGRID,107,04-06-2024 13:09,BUY,-8.09493,-14.86,-1.33,,-1.00892,34789.4,target_hit,04-06-2024 13:59,nse
TRADE_HISTORY,BAJFINANCE_BAJAJFINSV,108,04-06-2024 14:04,BUY,-104.6854,-182.84,-26.53,,-18.46967,41067.5,target_hit,04-06-2024 14:19,nse
TRADE_HISTORY,BAJFINANCE_BAJAJFINSV,109,04-06-2024 15:14,BUY,-88.77344,-166.39,-11.16,,-7.10132,36890.6,target_hit,05-06-2024 09:19,nse
TRADE_HISTORY,TATASTEEL_HINDALCO,110,05-06-2024 09:19,SELL,8.31371,11.83,4.8,,2.78237,24111.1,target_hit,05-06-2024 09:39,nse
TRADE_HISTORY,IOC_BPCL,111,05-06-2024 09:39,SELL,2.35957,4.61,0.11,,5.42555,-93546.2,stop_loss_hit,05-06-2024 09:59,nse
TRADE_HISTORY,ULTRACEMCO_GRASIM,112,05-06-2024 09:44,SELL,131.95968,263.54,0.38,,-21.15816,36107.3,target_hit,05-06-2024 12:24,nse
TRADE_HISTORY,IOC_BPCL,113,05-06-2024 10:04,SELL,4.55958,6.84,2.28,,1.87476,40052.4,target_hit,05-06-2024 10:14,nse
TRADE_HISTORY,HINDUNILVR_DABUR,114,05-06-2024 11:29,SELL,44.52228,81.05,7.99,,-8.14494,72084.6,target_hit,05-06-2024 12:14,nse
TRADE_HISTORY,ULTRACEMCO_GRASIM,115,05-06-2024 13:44,BUY,-167.61964,-304.13,-31.11,,-5.00792,11788.7,target_hit,05-06-2024 14:44,nse
TRADE_HISTORY,NTPC_POWERGRID,116,06-06-2024 09:19,SELL,7.36484,14.13,0.6,,0.35914,32427.4,target_hit,06-06-2024 10:54,nse
TRADE_HISTORY,TATASTEEL_HINDALCO,117,06-06-2024 09:24,SELL,3.57366,7.12,0.03,,0.01281,-20107.6,target_hit,06-06-2024 10:24,nse
TRADE_HISTORY,TCS_WIPRO,118,06-06-2024 09:34,BUY,-61.42409,-125.2,2.35,,-140.04517,-101449.0,stop_loss_hit,07-06-2024 09:19,nse
TRADE_HISTORY,BAJFINANCE_BAJAJFINSV,119,06-06-2024 09:44,SELL,111.91402,187.42,36.41,,27.04032,-3577.0,target_hit,06-06-2024 10:29,nse
TRADE_HISTORY,IOC_BPCL,120,06-06-2024 09:54,SELL,2.32642,4.6,0.06,,-1.39986,89364.7,target_hit,06-06-2024 10:44,nse
TRADE_HISTORY,HINDUNILVR_DABUR,121,06-06-2024 13:04,BUY,-39.61169,-76.39,-2.83,,-2.06085,-40835.6,target_hit,07-06-2024 11:34,nse
TRADE_HISTORY,TCS_WIPRO,122,07-06-2024 09:24,BUY,-138.28168,-204.67,-71.89,,-70.50302,-1255.0,target_hit,07-06-2024 10:19,nse
TRADE_HISTORY,BAJFINANCE_BAJAJFINSV,123,07-06-2024 10:59,SELL,79.17736,153.08,5.27,,1.67733,22336.9,target_hit,07-06-2024 12:44,nse
TRADE_HISTORY,TATASTEEL_HINDALCO,124,07-06-2024 11:39,SELL,3.7103,7.23,0.19,,0.06541,-32861.9,target_hit,07-06-2024 14:34,nse
TRADE_HISTORY,ULTRACEMCO_GRASIM,125,07-06-2024 12:04,SELL,140.42935,279.33,1.53,,-8.83616,-10585.2,target_hit,07-06-2024 15:09,nse
TRADE_HISTORY,IOC_BPCL,126,07-06-2024 15:09,BUY,-2.44109,-4.68,-0.21,,-0.04671,22811.9,target_hit,10-06-2024 13:04,nse
TRADE_HISTORY,ULTRACEMCO_GRASIM,127,10-06-2024 09:44,SELL,149.90977,294.31,5.51,,-24.3486,48508.9,target_hit,10-06-2024 10:19,nse
TRADE_HISTORY,BAJFINANCE_BAJAJFINSV,128,10-06-2024 10:09,BUY,-76.91758,-150.25,-3.59,,-0.04029,-5765.8,target_hit,10-06-2024 13:19,nse
TRADE_HISTORY,HINDUNILVR_DABUR,129,10-06-2024 12:04,BUY,-38.6612,-74.93,-2.39,,-0.93996,-5087.7,target_hit,10-06-2024 14:34,nse
TRADE_HISTORY,ULTRACEMCO_GRASIM,130,11-06-2024 09:39,SELL,143.87755,285.27,2.49,,-1.95148,47057.7,target_hit,11-06-2024 11:54,nse
TRADE_HISTORY,TATASTEEL_HINDALCO,131,11-06-2024 10:39,SELL,3.72003,7.29,0.15,,0.09488,38626.4,target_hit,12-06-2024 09:29,nse
TRADE_HISTORY,BAJFINANCE_BAJAJFINSV,132,12-06-2024 09:59,SELL,92.39918,166.27,18.53,,15.22061,54726.4,target_hit,12-06-2024 11:09,nse
TRADE_HISTORY,HINDUNILVR_DABUR,133,12-06-2024 11:14,BUY,-42.67083,-79.79,-5.55,,-5.28201,2168.5,target_hit,12-06-2024 14:39,nse
TRADE_HISTORY,ULTRACEMCO_GRASIM,134,12-06-2024 15:04,SELL,150.18314,286.97,13.4,,2.11556,-37587.7,target_hit,13-06-2024 10:59,nse
TRADE_HISTORY,ULTRACEMCO_GRASIM,135,14-06-2024 09:29,BUY,-145.41598,-289.56,-1.27,,10.00449,-6659.0,target_hit,14-06-2024 11:09,nse
TRADE_HISTORY,BAJFINANCE_BAJAJFINSV,136,14-06-2024 10:59,SELL,83.85767,156.48,11.24,,5.80514,55728.2,target_hit,14-06-2024 12:19,nse
TRADE_HISTORY,TCS_WIPRO,137,18-06-2024 09:19,BUY,-95.32367,-155.38,-35.26,,-32.67988,-46715.0,target_hit,18-06-2024 12:39,nse
TRADE_HISTORY,IOC_BPCL,138,18-06-2024 09:19,BUY,-2.49927,-4.7,-0.3,,-0.26244,-13559.7,target_hit,18-06-2024 15:29,nse
TRADE_HISTORY,HINDUNILVR_DABUR,139,18-06-2024 10:24,SELL,35.69573,72.16,-0.77,,-1.55221,6506.2,target_hit,19-06-2024 10:59,nse
TRADE_HISTORY,NTPC_POWERGRID,140,18-06-2024 11:04,BUY,-6.96993,-13.29,-0.65,,-0.4004,-35911.0,target_hit,19-06-2024 11:44,nse
TRADE_HISTORY,BAJFINANCE_BAJAJFINSV,141,18-06-2024 11:09,SELL,79.17812,149.84,8.52,,5.59606,43187.7,target_hit,18-06-2024 13:24,nse
TRADE_HISTORY,BAJFINANCE_BAJAJFINSV,142,19-06-2024 10:14,BUY,-79.82574,-153.43,-6.22,,0.52291,37559.5,target_hit,19-06-2024 11:44,nse
TRADE_HISTORY,ULTRACEMCO_GRASIM,143,20-06-2024 12:34,BUY,-143.26349,-285.18,-1.34,,-234.77344,-76576.7,stop_loss_hit,20-06-2024 14:29,nse
TRADE_HISTORY,ULTRACEMCO_GRASIM,144,20-06-2024 14:34,BUY,-252.87404,-409.41,-96.34,,-61.25393,-5300.8,target_hit,20-06-2024 14:54,nse
TRADE_HISTORY,BAJFINANCE_BAJAJFINSV,145,21-06-2024 11:09,BUY,-85.90377,-167.15,-4.66,,25.05441,28026.7,target_hit,21-06-2024 15:04,nse
TRADE_HISTORY,TATASTEEL_HINDALCO,146,24-06-2024 09:34,BUY,-3.85493,-7.15,-0.56,,-0.42316,6220.3,target_hit,27-06-2024 10:54,nse
TRADE_HISTORY,ULTRACEMCO_GRASIM,147,25-06-2024 09:49,SELL,161.13191,311.47,10.8,,-2.02598,51541.6,target_hit,25-06-2024 12:09,nse
TRADE_HISTORY,IOC_BPCL,148,25-06-2024 10:59,SELL,2.34788,4.61,0.08,,0.04216,18485.0,target_hit,26-06-2024 12:54,nse
TRADE_HISTORY,BAJFINANCE_BAJAJFINSV,149,25-06-2024 14:09,BUY,-90.77605,-174.5,-7.05,,0.04015,36654.5,target_hit,26-06-2024 09:44,nse
TRADE_HISTORY,ULTRACEMCO_GRASIM,150,26-06-2024 09:19,SELL,154.37734,304.87,3.89,,-12.99888,-10653.7,target_hit,26-06-2024 12:54,nse
TRADE_HISTORY,NTPC_POWERGRID,151,26-06-2024 09:24,SELL,5.8996,12.03,-0.23,,5.37219,-75963.2,target_hit,27-06-2024 15:04,nse
TRADE_HISTORY,ULTRACEMCO_GRASIM,152,27-06-2024 09:19,SELL,382.83348,536.78,228.89,,218.73251,20216.8,target_hit,27-06-2024 09:39,nse
TRADE_HISTORY,IOC_BPCL,153,27-06-2024 15:04,BUY,-3.16164,-5.65,-0.67,,-0.11987,66376.5,target_hit,28-06-2024 09:24,nse
TRADE_HISTORY,ULTRACEMCO_GRASIM,154,27-06-2024 15:19,SELL,172.32696,331.63,13.02,,3.75054,-19285.9,target_hit,28-06-2024 10:09,nse
TRADE_HISTORY,NTPC_POWERGRID,155,27-06-2024 15:24,SELL,7.68904,14.46,0.92,,-0.00418,21304.0,target_hit,28-06-2024 10:34,nse
TRADE_HISTORY,TCS_WIPRO,156,28-06-2024 13:19,BUY,-58.07327,-116.19,0.04,,-126.25489,-87556.0,stop_loss_hit,01-07-2024 10:34,nse
TRADE_HISTORY,TCS_WIPRO,157,01-07-2024 10:39,BUY,-131.52317,-192.22,-70.82,,-59.80156,-490.2,target_hit,01-07-2024 11:34,nse
TRADE_HISTORY,BAJFINANCE_BAJAJFINSV,158,01-07-2024 13:24,SELL,92.25359,171.1,13.41,,143.79088,-72742.8,stop_loss_hit,01-07-2024 14:24,nse
TRADE_HISTORY,ULTRACEMCO_GRASIM,159,01-07-2024 13:49,SELL,166.06549,324.84,7.3,,-8.1662,57469.7,target_hit,01-07-2024 14:29,nse
TRADE_HISTORY,BAJFINANCE_BAJAJFINSV,160,01-07-2024 14:29,SELL,142.81929,228.57,57.06,,30.9381,11461.8,target_hit,01-07-2024 14:44,nse
TRADE_HISTORY,NTPC_POWERGRID,161,02-07-2024 09:59,BUY,-7.62898,-14.55,-0.71,,-0.19863,15393.7,target_hit,02-07-2024 12:24,nse
TRADE_HISTORY,ULTRACEMCO_GRASIM,162,03-07-2024 09:44,BUY,-167.0917,-325.36,-8.82,,-3.58008,33004.2,target_hit,03-07-2024 13:09,nse
TRADE_HISTORY,IOC_BPCL,163,04-07-2024 09:39,SELL,2.35279,4.63,0.08,,-0.04291,-14353.6,target_hit,05-07-2024 13:34,nse
TRADE_HISTORY,BAJFINANCE_BAJAJFINSV,164,04-07-2024 10:34,BUY,-83.81581,-162.39,-5.24,,-3.46421,2550.2,target_hit,04-07-2024 14:39,nse
TRADE_HISTORY,TCS_WIPRO,165,04-07-2024 11:39,SELL,72.93982,138.41,7.47,,7.29343,-14189.2,target_hit,04-07-2024 13:29,nse
TRADE_HISTORY,TATASTEEL_HINDALCO,166,05-07-2024 09:24,BUY,-3.64824,-6.88,-0.41,,-3.18655,-73510.3,target_hit,09-07-2024 15:19,nse
TRADE_HISTORY,HINDUNILVR_DABUR,167,05-07-2024 09:39,SELL,30.71222,61.95,-0.53,,-5.178,50515.6,target_hit,08-07-2024 09:34,nse
TRADE_HISTORY,ULTRACEMCO_GRASIM,168,05-07-2024 13:14,BUY,-161.74362,-320.14,-3.35,,0.01499,-590.8,target_hit,09-07-2024 13:19,nse
TRADE_HISTORY,IOC_BPCL,169,09-07-2024 09:24,SELL,2.675,5.03,0.32,,0.08359,-4331.4,target_hit,09-07-2024 11:29,nse
TRADE_HISTORY,HINDUNILVR_DABUR,170,09-07-2024 09:49,SELL,35.25612,69.23,1.29,,-0.68787,52175.2,target_hit,09-07-2024 13:59,nse
TRADE_HISTORY,TATASTEEL_HINDALCO,171,09-07-2024 15:24,BUY,-3.30921,-6.29,-0.33,,-0.32457,24151.5,target_hit,10-07-2024 11:29,nse
TRADE_HISTORY,ULTRACEMCO_GRASIM,172,10-07-2024 09:24,BUY,-200.99519,-358.62,-43.37,,-40.86481,-27862.2,target_hit,10-07-2024 13:14,nse
TRADE_HISTORY,NTPC_POWERGRID,173,10-07-2024 12:14,BUY,-7.6526,-13.62,-1.69,,-1.19882,54863.8,target_hit,10-07-2024 15:24,nse
TRADE_HISTORY,BAJFINANCE_BAJAJFINSV,174,11-07-2024 10:19,BUY,-88.27592,-168.79,-7.76,,-36.44357,-72567.6,target_hit,11-07-2024 12:34,nse
TRADE_HISTORY,TCS_WIPRO,175,12-07-2024 12:24,SELL,60.50051,120.54,0.46,,-3.21202,15334.9,target_hit,15-07-2024 15:19,nse
TRADE_HISTORY,ULTRACEMCO_GRASIM,176,15-07-2024 09:19,SELL,199.01434,351.29,46.74,,32.44024,-14551.7,target_hit,15-07-2024 10:29,nse
TRADE_HISTORY,NTPC_POWERGRID,177,15-07-2024 11:49,SELL,6.14466,12.46,-0.17,,-0.30748,38401.2,target_hit,16-07-2024 14:49,nse
TRADE_HISTORY,HINDUNILVR_DABUR,178,16-07-2024 09:54,SELL,32.86158,64.35,1.37,,1.15216,33233.9,target_hit,18-07-2024 09:19,nse
TRADE_HISTORY,IOC_BPCL,179,16-07-2024 10:24,BUY,-2.2532,-4.41,-0.1,,-1.54606,-77091.2,target_hit,18-07-2024 14:59,nse
TRADE_HISTORY,ULTRACEMCO_GRASIM,180,16-07-2024 11:04,BUY,-163.70599,-322.06,-5.35,,-3.08113,-3881.9,target_hit,16-07-2024 14:49,nse
TRADE_HISTORY,ULTRACEMCO_GRASIM,181,18-07-2024 09:29,BUY,-185.46327,-344.08,-26.85,,-10.44989,57839.8,target_hit,18-07-2024 09:59,nse
TRADE_HISTORY,BAJFINANCE_BAJAJFINSV,182,18-07-2024 10:04,BUY,-89.04249,-168.55,-9.54,,-14.54722,-72643.2,target_hit,18-07-2024 12:49,nse
TRADE_HISTORY,HINDUNILVR_DABUR,183,18-07-2024 10:24,SELL,31.50891,63.15,-0.14,,-10.30045,56684.0,target_hit,18-07-2024 13:09,nse
TRADE_HISTORY,TCS_WIPRO,184,18-07-2024 10:49,SELL,63.28257,124.34,2.22,,-0.42372,28160.2,target_hit,18-07-2024 13:19,nse
TRADE_HISTORY,HINDUNILVR_DABUR,185,18-07-2024 14:14,SELL,31.36267,63.46,-0.73,,-2.46211,-29806.3,target_hit,19-07-2024 10:34,nse
TRADE_HISTORY,ULTRACEMCO_GRASIM,186,18-07-2024 14:59,SELL,162.76349,321.63,3.9,,1.82949,54159.5,target_hit,19-07-2024 09:19,nse
TRADE_HISTORY,TCS_WIPRO,187,19-07-2024 09:24,SELL,67.81145,132.33,3.29,,1.28171,-18224.0,target_hit,19-07-2024 13:09,nse
TRADE_HISTORY,BAJFINANCE_BAJAJFINSV,188,19-07-2024 12:34,BUY,-106.42039,-190.99,-21.85,,-9.15015,19880.6,target_hit,19-07-2024 14:04,nse
TRADE_HISTORY,HINDUNILVR_DABUR,189,22-07-2024 09:19,SELL,36.0343,68.59,3.48,,-4.1719,70621.1,target_hit,22-07-2024 09:29,nse
TRADE_HISTORY,TCS_WIPRO,190,22-07-2024 09:19,SELL,323.85668,390.54,257.18,,83.7197,-3858.5,target_hit,22-07-2024 09:39,nse
TRADE_HISTORY,IOC_BPCL,191,22-07-2024 10:34,BUY,-2.37523,-4.75,0.0,,0.14279,34557.1,target_hit,22-07-2024 12:19,nse
TRADE_HISTORY,ULTRACEMCO_GRASIM,192,22-07-2024 10:39,BUY,-164.43761,-320.37,-8.5,,-6.863,50518.6,target_hit,22-07-2024 12:29,nse
TRADE_HISTORY,NTPC_POWERGRID,193,23-07-2024 09:39,SELL,6.26978,12.26,0.28,,13.08552,-102438.3,stop_loss_hit,24-07-2024 09:19,nse
TRADE_HISTORY,TATASTEEL_HINDALCO,194,23-07-2024 12:09,SELL,2.26476,4.7,-0.17,,4.95495,-83957.3,stop_loss_hit,24-07-2024 09:44,nse
TRADE_HISTORY,BAJFINANCE_BAJAJFINSV,195,23-07-2024 12:44,BUY,-82.49859,-164.91,-0.09,,-132.49316,-74010.2,stop_loss_hit,24-07-2024 09:34,nse
TRADE_HISTORY,HINDUNILVR_DABUR,196,23-07-2024 12:49,BUY,-51.46237,-82.14,-20.78,,-13.74512,60203.8,target_hit,23-07-2024 13:34,nse
TRADE_HISTORY,ULTRACEMCO_GRASIM,197,23-07-2024 13:14,BUY,-170.81333,-328.52,-13.1,,-13.04561,49043.7,target_hit,24-07-2024 09:49,nse
TRADE_HISTORY,HINDUNILVR_DABUR,198,23-07-2024 15:14,BUY,-32.59602,-64.09,-1.1,,83.30296,215385.4,target_hit,24-07-2024 09:19,nse
TRADE_HISTORY,NTPC_POWERGRID,199,24-07-2024 09:24,SELL,12.84162,19.65,6.03,,5.17613,11257.2,target_hit,24-07-2024 09:59,nse
TRADE_HISTORY,BAJFINANCE_BAJAJFINSV,200,24-07-2024 09:39,BUY,-122.4089,-208.75,-36.06,,-19.6274,8282.1,target_hit,24-07-2024 10:09,nse
TRADE_HISTORY,TATASTEEL_HINDALCO,201,24-07-2024 09:49,SELL,4.83639,7.59,2.09,,2.05675,22196.8,target_hit,24-07-2024 11:09,nse
TRADE_HISTORY,HINDUNILVR_DABUR,202,24-07-2024 10:14,SELL,32.16015,63.76,0.56,,0.05768,29727.3,target_hit,24-07-2024 12:39,nse
TRADE_HISTORY,NTPC_POWERGRID,203,25-07-2024 09:19,SELL,7.1771,14.06,0.29,,-0.54272,35151.2,target_hit,25-07-2024 11:24,nse
TRADE_HISTORY,IOC_BPCL,204,25-07-2024 09:54,BUY,-2.48609,-4.87,-0.1,,0.21979,29741.4,target_hit,25-07-2024 11:29,nse
TRADE_HISTORY,BAJFINANCE_BAJAJFINSV,205,26-07-2024 09:39,SELL,88.74453,175.75,1.74,,0.01677,-1804.9,target_hit,26-07-2024 14:49,nse
TRADE_HISTORY,TCS_WIPRO,206,26-07-2024 14:09,BUY,-82.97138,-160.08,-5.86,,-2.55159,-3168.3,target_hit,29-07-2024 12:54,nse
TRADE_HISTORY,NTPC_POWERGRID,207,29-07-2024 09:19,SELL,11.13116,17.8,4.46,,3.912,54941.2,target_hit,29-07-2024 09:54,nse
TRADE_HISTORY,ULTRACEMCO_GRASIM,208,29-07-2024 09:24,SELL,193.93755,329.9,57.97,,56.69959,-55233.0,target_hit,29-07-2024 13:49,nse
TRADE_HISTORY,HINDUNILVR_DABUR,209,29-07-2024 12:09,BUY,-33.59869,-64.63,-2.57,,-17.28521,13304.2,target_hit,29-07-2024 15:29,nse
TRADE_HISTORY,IOC_BPCL,210,29-07-2024 12:29,BUY,-2.38254,-4.75,-0.01,,-1.17868,7445.8,target_hit,29-07-2024 15:29,nse
TRADE_HISTORY,INFY_HCLTECH,211,01-08-2024 09:19,BUY,-28.32063,-47.93,-8.71,,-8.44891,-22921.2,target_hit,01-08-2024 12:04,nse
TRADE_HISTORY,NTPC_POWERGRID,212,01-08-2024 10:09,BUY,-7.75823,-14.71,-0.81,,-0.5137,20384.4,target_hit,01-08-2024 12:04,nse
TRADE_HISTORY,HINDUNILVR_GODREJCP,213,01-08-2024 15:29,BUY,-47.55244,-94.73,-0.38,,4.76185,55984.9,target_hit,05-08-2024 09:19,nse
TRADE_HISTORY,IOC_BPCL,214,02-08-2024 10:44,BUY,-2.52327,-4.97,-0.08,,0.39607,9410.8,target_hit,02-08-2024 13:29,nse
TRADE_HISTORY,TCS_WIPRO,215,02-08-2024 15:14,SELL,75.9755,148.23,3.72,,-11.08803,37462.2,target_hit,07-08-2024 09:19,nse
TRADE_HISTORY,IOC_BPCL,216,05-08-2024 10:09,BUY,-2.7601,-5.17,-0.35,,-0.15792,-1965.2,target_hit,05-08-2024 11:44,nse
TRADE_HISTORY,INFY_HCLTECH,217,05-08-2024 10:29,BUY,-21.27162,-42.59,0.05,,0.14139,26207.6,target_hit,05-08-2024 15:19,nse
TRADE_HISTORY,BAJFINANCE_BAJAJFINSV,218,05-08-2024 13:34,SELL,88.24609,170.71,5.78,,-5.26289,43141.7,target_hit,06-08-2024 14:59,nse
TRADE_HISTORY,NTPC_POWERGRID,219,05-08-2024 14:34,SELL,7.08436,14.35,-0.18,,-1.36118,-17026.9,target_hit,07-08-2024 09:19,nse
TRADE_HISTORY,INFY_HCLTECH,220,06-08-2024 11:09,BUY,-24.38045,-46.62,-2.14,,-1.61508,-3109.0,target_hit,06-08-2024 13:19,nse
TRADE_HISTORY,HINDUNILVR_GODREJCP,221,07-08-2024 15:04,BUY,-44.92162,-91.41,1.56,,62.0132,136968.6,target_hit,08-08-2024 09:19,nse
TRADE_HISTORY,INFY_HCLTECH,222,07-08-2024 15:19,SELL,23.11955,45.65,0.59,,0.02382,58850.5,target_hit,08-08-2024 09:19,nse
TRADE_HISTORY,HINDUNILVR_GODREJCP,223,08-08-2024 09:24,SELL,62.10098,108.96,15.24,,7.27983,56615.6,target_hit,08-08-2024 13:29,nse
TRADE_HISTORY,IOC_BPCL,224,08-08-2024 09:54,SELL,2.20324,4.37,0.04,,0.01659,40925.8,target_hit,08-08-2024 14:14,nse
TRADE_HISTORY,IOC_BPCL,225,09-08-2024 12:39,BUY,-2.58338,-4.9,-0.27,,-0.16965,207.1,target_hit,12-08-2024 09:29,nse
TRADE_HISTORY,HINDUNILVR_GODREJCP,226,09-08-2024 15:09,SELL,53.45329,102.19,4.72,,100.25429,-76815.5,stop_loss_hit,12-08-2024 11:34,nse
TRADE_HISTORY,INFY_HCLTECH,227,12-08-2024 09:54,SELL,22.12234,44.37,-0.12,,-4.9486,-2098.5,target_hit,13-08-2024 09:49,nse
TRADE_HISTORY,HINDUNILVR_GODREJCP,228,12-08-2024 11:39,SELL,97.89228,150.18,45.61,,10.16571,-27331.5,target_hit,12-08-2024 12:29,nse
TRADE_HISTORY,IOC_BPCL,229,14-08-2024 11:14,BUY,-2.39715,-4.79,0.0,,-2.04802,-76052.7,target_hit,19-08-2024 14:24,nse
TRADE_HISTORY,IOC_BPCL,230,20-08-2024 09:19,BUY,-2.65375,-4.99,-0.32,,-0.23895,494.4,target_hit,20-08-2024 10:59,nse
TRADE_HISTORY,BAJFINANCE_BAJAJFINSV,231,20-08-2024 13:49,BUY,-84.97314,-168.41,-1.53,,-1.48543,-32334.2,target_hit,22-08-2024 14:14,nse
TRADE_HISTORY,NTPC_POWERGRID,232,21-08-2024 10:44,SELL,7.18423,14.51,-0.14,,-0.58737,15823.3,target_hit,23-08-2024 09:19,nse
TRADE_HISTORY,HINDUNILVR_GODREJCP,233,22-08-2024 09:19,SELL,53.0173,100.94,5.1,,0.07401,63851.9,target_hit,22-08-2024 10:39,nse
TRADE_HISTORY,IOC_BPCL,234,22-08-2024 10:09,SELL,2.32175,4.59,0.05,,0.03597,26166.0,target_hit,22-08-2024 15:29,nse
TRADE_HISTORY,HINDUNILVR_GODREJCP,235,22-08-2024 15:09,BUY,-46.25349,-93.65,1.14,,1.73855,53549.3,target_hit,23-08-2024 15:04,nse
TRADE_HISTORY,BAJFINANCE_BAJAJFINSV,236,26-08-2024 09:49,BUY,-104.82321,-194.38,-15.26,,-63.19365,-85101.4,target_hit,27-08-2024 09:19,nse
TRADE_HISTORY,HINDUNILVR_GODREJCP,237,26-08-2024 11:29,BUY,-45.47176,-92.82,1.88,,-72.36479,-72663.6,stop_loss_hit,28-08-2024 09:39,nse
TRADE_HISTORY,INFY_HCLTECH,238,26-08-2024 13:39,BUY,-22.02233,-43.04,-1.0,,-43.78086,-70438.2,stop_loss_hit,26-08-2024 15:24,nse
TRADE_HISTORY,NTPC_POWERGRID,239,26-08-2024 15:14,SELL,7.40638,14.83,-0.01,,-0.63452,54586.4,target_hit,27-08-2024 11:44,nse
TRADE_HISTORY,INFY_HCLTECH,240,26-08-2024 15:29,BUY,-51.23239,-73.35,-29.11,,-27.80869,37916.7,target_hit,27-08-2024 10:04,nse
TRADE_HISTORY,IOC_BPCL,241,27-08-2024 09:19,SELL,2.26721,4.52,0.01,,-0.05069,38480.2,target_hit,28-08-2024 11:24,nse
TRADE_HISTORY,BAJFINANCE_BAJAJFINSV,242,27-08-2024 09:24,BUY,-91.83016,-185.95,2.29,,4.32294,49329.6,target_hit,27-08-2024 09:54,nse
TRADE_HISTORY,INFY_HCLTECH,243,28-08-2024 09:34,SELL,25.79251,49.56,2.03,,0.91878,2102.3,target_hit,28-08-2024 13:59,nse
TRADE_HISTORY,HINDUNILVR_GODREJCP,244,28-08-2024 09:44,BUY,-68.21854,-122.4,-14.04,,-7.72431,-33014.4,target_hit,28-08-2024 11:49,nse
TRADE_HISTORY,TCS_WIPRO,245,28-08-2024 10:34,BUY,-57.50747,-105.9,-9.11,,-3.88611,-48001.7,target_hit,28-08-2024 14:09,nse
TRADE_HISTORY,NTPC_POWERGRID,246,29-08-2024 10:24,SELL,7.33708,14.33,0.34,,-0.00448,44121.3,target_hit,30-08-2024 10:09,nse
TRADE_HISTORY,IOC_BPCL,247,30-08-2024 09:19,BUY,-2.28532,-4.55,-0.02,,0.0159,56221.6,target_hit,30-08-2024 11:14,nse
TRADE_HISTORY,BAJFINANCE_BAJAJFINSV,248,03-09-2024 14:19,BUY,-105.08502,-197.12,-13.05,,-31.23483,-72400.2,target_hit,04-09-2024 11:54,nse
TRADE_HISTORY,INFY_HCLTECH,249,04-09-2024 09:29,BUY,-24.61318,-47.86,-1.37,,-1.23262,9705.3,target_hit,04-09-2024 13:19,nse
TRADE_HISTORY,TCS_WIPRO,250,04-09-2024 10:59,SELL,57.88073,111.13,4.63,,-6.40816,-11175.2,target_hit,05-09-2024 09:19,nse
TRADE_HISTORY,HINDUNILVR_GODREJCP,251,04-09-2024 11:34,SELL,59.58823,115.16,4.02,,92.64157,-73069.0,stop_loss_hit,06-09-2024 09:19,nse
TRADE_HISTORY,IOC_BPCL,252,05-09-2024 09:49,SELL,2.21272,4.37,0.06,,4.30277,-72051.0,stop_loss_hit,05-09-2024 12:39,nse
TRADE_HISTORY,IOC_BPCL,253,05-09-2024 12:44,SELL,4.23061,6.59,1.87,,1.5957,22738.1,target_hit,05-09-2024 14:04,nse
TRADE_HISTORY,HINDUNILVR_GODREJCP,254,06-09-2024 09:24,SELL,98.89866,157.21,40.59,,39.01489,17509.3,target_hit,06-09-2024 11:24,nse
TRADE_HISTORY,IOC_BPCL,255,06-09-2024 09:39,BUY,-2.86299,-5.44,-0.28,,-0.24522,27091.8,target_hit,06-09-2024 10:24,nse
TRADE_HISTORY,INFY_HCLTECH,256,06-09-2024 10:34,SELL,24.77186,47.79,1.75,,-1.21548,48754.7,target_hit,06-09-2024 15:14,nse
TRADE_HISTORY,ICICIBANK_KOTAKBANK,257,06-09-2024 11:54,BUY,-15.58609,-31.38,0.21,,0.68688,29773.8,target_hit,09-09-2024 12:39,nse
TRADE_HISTORY,BAJFINANCE_BAJAJFINSV,258,06-09-2024 12:44,SELL,90.42467,177.53,3.32,,2.51477,25374.2,target_hit,06-09-2024 15:14,nse
TRADE_HISTORY,NTPC_POWERGRID,259,06-09-2024 15:09,BUY,-6.4719,-12.81,-0.13,,-10.96038,-72474.6,stop_loss_hit,10-09-2024 09:34,nse
TRADE_HISTORY,TCS_WIPRO,260,09-09-2024 09:29,SELL,64.51803,121.05,7.98,,3.04123,32870.8,target_hit,10-09-2024 09:24,nse
TRADE_HISTORY,HINDUNILVR_GODREJCP,261,09-09-2024 15:24,BUY,-94.29155,-152.21,-36.37,,-32.37924,62057.4,target_hit,10-09-2024 09:24,nse
TRADE_HISTORY,NTPC_POWERGRID,262,10-09-2024 09:39,BUY,-10.49215,-17.82,-3.16,,-2.28219,4145.5,target_hit,10-09-2024 13:34,nse
TRADE_HISTORY,HINDUNILVR_GODREJCP,263,10-09-2024 09:49,BUY,-57.04582,-114.97,0.88,,-63.12857,-74710.8,stop_loss_hit,11-09-2024 09:24,nse
TRADE_HISTORY,INFY_HCLTECH,264,10-09-2024 15:14,BUY,-22.78446,-44.95,-0.61,,0.1134,13457.2,target_hit,12-09-2024 14:09,nse
TRADE_HISTORY,HINDUNILVR_GODREJCP,265,11-09-2024 09:29,BUY,-55.39585,-110.95,0.15,,3.99786,55864.5,target_hit,11-09-2024 10:19,nse
TRADE_HISTORY,BAJFINANCE_BAJAJFINSV,266,11-09-2024 12:04,SELL,96.34485,188.63,4.06,,2.95686,2344.5,target_hit,12-09-2024 11:39,nse
TRADE_HISTORY,ICICIBANK_KOTAKBANK,267,12-09-2024 10:09,BUY,-16.07852,-32.55,0.39,,2.20781,46412.3,target_hit,12-09-2024 15:04,nse
TRADE_HISTORY,TCS_WIPRO,268,12-09-2024 11:54,BUY,-53.27458,-108.17,1.62,,-94.23008,-91770.4,stop_loss_hit,13-09-2024 09:44,nse
TRADE_HISTORY,NTPC_POWERGRID,269,12-09-2024 14:34,SELL,7.49661,15.15,-0.16,,11.03314,-74253.7,stop_loss_hit,17-09-2024 09:49,nse
TRADE_HISTORY,HINDUNILVR_GODREJCP,270,13-09-2024 09:29,SELL,67.60108,123.74,11.46,,3.41132,31247.8,target_hit,13-09-2024 13:44,nse
TRADE_HISTORY,TCS_WIPRO,271,13-09-2024 09:49,BUY,-138.3511,-195.55,-81.15,,-49.89911,-2263.5,target_hit,13-09-2024 10:09,nse
TRADE_HISTORY,TCS_WIPRO,272,16-09-2024 09:39,BUY,-59.61972,-117.87,-1.37,,-0.76876,2581.1,target_hit,16-09-2024 14:24,nse
TRADE_HISTORY,BAJFINANCE_BAJAJFINSV,273,16-09-2024 10:14,BUY,-98.99378,-195.42,-2.57,,17.53513,54991.6,target_hit,17-09-2024 10:29,nse
TRADE_HISTORY,INFY_HCLTECH,274,16-09-2024 10:29,BUY,-22.64693,-45.16,-0.13,,1.74656,55648.9,target_hit,16-09-2024 13:39,nse
TRADE_HISTORY,NTPC_POWERGRID,275,17-09-2024 09:54,SELL,11.02666,18.98,3.07,,2.54764,-23378.5,target_hit,17-09-2024 11:49,nse
TRADE_HISTORY,BAJFINANCE_BAJAJFINSV,276,18-09-2024 11:59,SELL,99.64475,192.08,7.21,,2.90395,4510.8,target_hit,19-09-2024 11:04,nse
TRADE_HISTORY,ICICIBANK_KOTAKBANK,277,18-09-2024 12:19,SELL,16.19321,31.92,0.46,,-0.92314,-25474.5,target_hit,19-09-2024 10:39,nse
TRADE_HISTORY,TCS_WIPRO,278,19-09-2024 09:19,BUY,-69.57096,-128.48,-10.66,,-8.17774,60272.4,target_hit,19-09-2024 09:44,nse
TRADE_HISTORY,NTPC_POWERGRID,279,19-09-2024 09:19,SELL,8.01646,15.87,0.17,,0.1168,-39521.6,target_hit,19-09-2024 12:59,nse
TRADE_HISTORY,INFY_HCLTECH,280,19-09-2024 09:24,SELL,24.8549,47.68,2.03,,1.52395,24575.2,target_hit,20-09-2024 13:34,nse
TRADE_HISTORY,TCS_WIPRO,281,19-09-2024 10:49,BUY,-61.82892,-121.34,-2.32,,2.85208,4086.5,target_hit,23-09-2024 09:54,nse
TRADE_HISTORY,BAJFINANCE_BAJAJFINSV,282,20-09-2024 09:34,BUY,-95.29388,-191.3,0.71,,11.49017,-36717.1,target_hit,23-09-2024 14:19,nse
TRADE_HISTORY,NTPC_POWERGRID,283,20-09-2024 09:44,BUY,-8.69132,-16.47,-0.91,,-0.66998,-6196.5,target_hit,20-09-2024 12:39,nse
TRADE_HISTORY,ICICIBANK_KOTAKBANK,284,20-09-2024 15:09,SELL,19.76473,36.49,3.04,,-5.44491,84775.6,target_hit,23-09-2024 09:19,nse
TRADE_HISTORY,ICICIBANK_KOTAKBANK,285,23-09-2024 10:19,BUY,-16.44198,-33.42,0.53,,5.26699,10243.3,target_hit,24-09-2024 09:19,nse
TRADE_HISTORY,INFY_HCLTECH,286,24-09-2024 09:59,BUY,-24.91222,-47.99,-1.84,,0.33899,-21229.9,target_hit,26-09-2024 12:34,nse
TRADE_HISTORY,IOC_BPCL,287,24-09-2024 11:34,BUY,-2.09591,-4.11,-0.08,,0.05171,59249.1,target_hit,25-09-2024 11:59,nse
TRADE_HISTORY,NTPC_POWERGRID,288,25-09-2024 09:19,BUY,-13.83187,-21.79,-5.87,,-4.20111,-37946.7,target_hit,25-09-2024 09:59,nse
TRADE_HISTORY,BAJFINANCE_BAJAJFINSV,289,25-09-2024 10:24,SELL,96.94812,190.93,2.96,,-10.47568,46446.3,target_hit,25-09-2024 15:14,nse
TRADE_HISTORY,BAJFINANCE_BAJAJFINSV,290,26-09-2024 09:19,BUY,-102.46223,-197.86,-7.06,,-3.96578,20610.8,target_hit,26-09-2024 13:59,nse
TRADE_HISTORY,IOC_BPCL,291,26-09-2024 15:14,BUY,-2.44486,-4.51,-0.38,,-4.70635,-69978.8,stop_loss_hit,27-09-2024 10:29,nse
TRADE_HISTORY,HINDUNILVR_GODREJCP,292,27-09-2024 09:19,SELL,123.44886,174.86,72.04,,41.36233,-31103.0,target_hit,27-09-2024 10:09,nse
TRADE_HISTORY,TCS_WIPRO,293,27-09-2024 09:19,BUY,-86.73169,-142.26,-31.2,,-29.62672,57627.7,target_hit,27-09-2024 10:14,nse
TRADE_HISTORY,NTPC_POWERGRID,294,27-09-2024 09:24,SELL,8.23186,16.14,0.33,,-4.296,-16349.7,target_hit,27-09-2024 15:04,nse
TRADE_HISTORY,INFY_HCLTECH,295,27-09-2024 09:24,SELL,25.01179,48.25,1.78,,0.07691,50179.2,target_hit,27-09-2024 11:19,nse
TRADE_HISTORY,IOC_BPCL,296,27-09-2024 10:34,BUY,-4.60346,-6.74,-2.47,,-2.73357,-80561.9,target_hit,27-09-2024 12:54,nse
TRADE_HISTORY,TCS_WIPRO,297,27-09-2024 10:39,BUY,-60.92123,-117.26,-4.59,,5.8135,63158.3,target_hit,27-09-2024 13:09,nse
TRADE_HISTORY,BAJFINANCE_BAJAJFINSV,298,27-09-2024 10:54,BUY,-108.68969,-207.69,-9.69,,-6.67397,7747.6,target_hit,27-09-2024 13:09,nse
TRADE_HISTORY,HINDUNILVR_GODREJCP,299,27-09-2024 15:04,BUY,-53.02271,-107.9,1.85,,6.22889,-28218.9,target_hit,30-09-2024 14:34,nse
TRADE_HISTORY,INFY_HCLTECH,300,30-09-2024 09:19,BUY,-42.5053,-65.98,-19.03,,-14.91275,26578.1,target_hit,30-09-2024 10:24,nse
TRADE_HISTORY,ICICIBANK_KOTAKBANK,301,30-09-2024 09:19,BUY,-16.48508,-33.16,0.19,,-14.70511,-73657.6,target_hit,01-10-2024 13:19,nse
TRADE_HISTORY,TCS_WIPRO,302,01-10-2024 09:59,BUY,-55.3083,-110.12,-0.5,,0.63595,14112.0,target_hit,01-10-2024 15:09,nse
TRADE_HISTORY,INFY_HCLTECH,303,01-10-2024 10:09,SELL,29.30109,53.07,5.53,,5.45043,45252.1,target_hit,01-10-2024 11:04,nse
TRADE_HISTORY,INFY_HCLTECH,304,03-10-2024 13:39,SELL,24.48515,48.09,0.88,,-1.0043,53589.5,target_hit,04-10-2024 09:19,nse
TRADE_HISTORY,ICICIBANK_KOTAKBANK,305,03-10-2024 14:54,SELL,17.24707,34.25,0.25,,-1.91438,48732.0,target_hit,04-10-2024 11:09,nse
TRADE_HISTORY,BAJFINANCE_BAJAJFINSV,306,04-10-2024 09:19,BUY,-121.29701,-213.36,-29.24,,-23.39459,9599.7,target_hit,04-10-2024 13:49,nse
TRADE_HISTORY,INFY_HCLTECH,307,04-10-2024 10:34,SELL,25.04144,48.9,1.18,,1.17379,-26559.2,target_hit,04-10-2024 12:49,nse
TRADE_HISTORY,HINDUNILVR_GODREJCP,308,07-10-2024 09:24,BUY,-55.12967,-112.84,2.58,,3.33728,57415.5,target_hit,07-10-2024 10:59,nse
TRADE_HISTORY,TCS_WIPRO,309,08-10-2024 09:24,SELL,57.54515,113.56,1.53,,1.06007,22176.2,target_hit,08-10-2024 15:19,nse
TRADE_HISTORY,HINDUNILVR_GODREJCP,310,08-10-2024 09:44,SELL,65.57733,122.03,9.12,,2.86002,53662.8,target_hit,09-10-2024 09:19,nse
TRADE_HISTORY,NTPC_POWERGRID,311,08-10-2024 09:54,SELL,9.025,17.52,0.53,,0.23497,36514.0,target_hit,09-10-2024 13:39,nse
TRADE_HISTORY,BAJFINANCE_BAJAJFINSV,312,08-10-2024 13:19,SELL,100.28517,197.74,2.83,,2.8108,-34516.4,target_hit,09-10-2024 12:19,nse
TRADE_HISTORY,INFY_HCLTECH,313,09-10-2024 09:34,BUY,-26.98293,-51.62,-2.35,,2.17633,62031.5,target_hit,09-10-2024 10:59,nse
TRADE_HISTORY,HINDUNILVR_GODREJCP,314,09-10-2024 11:24,BUY,-51.36311,-106.07,3.34,,3.57929,-3234.1,target_hit,10-10-2024 10:14,nse
TRADE_HISTORY,INFY_HCLTECH,315,10-10-2024 09:24,BUY,-31.80159,-56.62,-6.98,,-1.91676,-22508.6,target_hit,10-10-2024 12:49,nse
TRADE_HISTORY,ICICIBANK_KOTAKBANK,316,10-10-2024 09:49,BUY,-18.72156,-35.9,-1.54,,-31.13921,-74107.1,stop_loss_hit,10-10-2024 13:04,nse
TRADE_HISTORY,ICICIBANK_KOTAKBANK,317,10-10-2024 13:09,BUY,-29.42348,-48.2,-10.65,,-8.54808,-17008.1,target_hit,10-10-2024 13:54,nse
TRADE_HISTORY,INFY_HCLTECH,318,11-10-2024 09:19,BUY,-30.5181,-55.85,-5.19,,-4.7412,33810.2,target_hit,11-10-2024 10:19,nse
TRADE_HISTORY,TCS_WIPRO,319,11-10-2024 09:59,BUY,-54.96133,-108.25,-1.67,,1.82787,-27452.9,target_hit,11-10-2024 14:54,nse
TRADE_HISTORY,IOC_BPCL,320,14-10-2024 09:19,BUY,-2.46337,-4.62,-0.31,,-0.26103,47230.3,target_hit,14-10-2024 15:14,nse
TRADE_HISTORY,TCS_WIPRO,321,14-10-2024 09:19,BUY,-96.63948,-151.11,-42.17,,-20.52516,34282.4,target_hit,14-10-2024 09:49,nse
TRADE_HISTORY,BAJFINANCE_BAJAJFINSV,322,15-10-2024 09:39,BUY,-104.21601,-202.82,-5.62,,-2.2628,-36951.8,target_hit,15-10-2024 12:39,nse
TRADE_HISTORY,TCS_WIPRO,323,15-10-2024 12:04,SELL,51.85013,105.43,-1.73,,-18.37036,26191.7,target_hit,16-10-2024 09:19,nse
TRADE_HISTORY,INFY_HCLTECH,324,16-10-2024 09:19,BUY,-30.90089,-56.16,-5.64,,-3.51447,-76.9,target_hit,17-10-2024 09:24,nse
TRADE_HISTORY,NTPC_POWERGRID,325,17-10-2024 14:54,BUY,-6.85496,-13.87,0.16,,0.4277,53365.7,target_hit,18-10-2024 14:39,nse
TRADE_HISTORY,TCS_WIPRO,326,17-10-2024 15:09,SELL,67.87771,123.2,12.56,,-64.53121,141297.9,target_hit,18-10-2024 09:19,nse
TRADE_HISTORY,INFY_HCLTECH,327,18-10-2024 09:19,BUY,-37.21543,-64.52,-9.91,,-5.83477,-46727.7,target_hit,18-10-2024 10:59,nse
TRADE_HISTORY,TCS_WIPRO,328,18-10-2024 09:24,BUY,-102.06693,-157.71,-46.42,,-40.73433,-15803.5,target_hit,18-10-2024 10:14,nse
TRADE_HISTORY,TCS_WIPRO,329,21-10-2024 09:54,BUY,-77.88742,-136.35,-19.42,,-8.34033,24630.3,target_hit,21-10-2024 10:49,nse
TRADE_HISTORY,INFY_HCLTECH,330,21-10-2024 10:04,BUY,-28.31361,-54.42,-2.21,,2.252,-1024.3,target_hit,21-10-2024 12:39,nse
TRADE_HISTORY,BAJFINANCE_BAJAJFINSV,331,21-10-2024 14:19,SELL,108.05418,205.2,10.9,,7.01937,-5421.2,target_hit,22-10-2024 13:54,nse
TRADE_HISTORY,INFY_HCLTECH,332,22-10-2024 09:19,SELL,30.725,56.97,4.48,,2.66498,19655.4,target_hit,22-10-2024 11:24,nse
TRADE_HISTORY,BAJFINANCE_BAJAJFINSV,333,23-10-2024 09:19,SELL,116.14486,221.87,10.42,,80.88045,-72770.3,target_hit,23-10-2024 10:29,nse
TRADE_HISTORY,IOC_BPCL,334,23-10-2024 09:34,BUY,-2.40683,-4.64,-0.17,,-0.04877,28541.3,target_hit,25-10-2024 09:34,nse
TRADE_HISTORY,BAJFINANCE_BAJAJFINSV,335,24-10-2024 09:29,SELL,114.71218,221.74,7.69,,-3.26608,30937.7,target_hit,24-10-2024 11:34,nse
TRADE_HISTORY,INFY_HCLTECH,336,25-10-2024 09:19,BUY,-33.45618,-58.76,-8.15,,-7.5077,56906.2,target_hit,25-10-2024 10:44,nse
TRADE_HISTORY,NTPC_POWERGRID,337,25-10-2024 09:19,BUY,-6.53413,-12.26,-0.8,,1.51312,66210.7,target_hit,28-10-2024 09:19,nse
TRADE_HISTORY,IOC_BPCL,338,28-10-2024 15:29,BUY,-3.09807,-5.08,-1.12,,-1.0441,-44501.4,target_hit,29-10-2024 11:04,nse
TRADE_HISTORY,INFY_HCLTECH,339,29-10-2024 09:19,BUY,-28.728,-53.97,-3.48,,-13.3941,-73909.0,target_hit,30-10-2024 13:24,nse
TRADE_HISTORY,TCS_WIPRO,340,29-10-2024 09:19,BUY,-73.08605,-130.45,-15.72,,-108.6455,-74417.9,stop_loss_hit,30-10-2024 09:59,nse
TRADE_HISTORY,NTPC_POWERGRID,341,29-10-2024 09:19,SELL,8.47391,14.83,2.11,,1.92554,46460.2,target_hit,29-10-2024 11:29,nse
TRADE_HISTORY,BAJFINANCE_BAJAJFINSV,342,29-10-2024 11:54,BUY,-108.77868,-216.62,-0.93,,7.76795,28393.2,target_hit,29-10-2024 14:14,nse
TRADE_HISTORY,TCS_WIPRO,343,30-10-2024 10:04,BUY,-104.38143,-166.73,-42.03,,-31.52464,-22575.3,target_hit,30-10-2024 10:54,nse
TRADE_HISTORY,INFY_HCLTECH,344,31-10-2024 15:19,SELL,25.13123,50.96,-0.7,,-21.70902,106805.9,target_hit,04-11-2024 09:19,nse
TRADE_HISTORY,TCS_WIPRO,345,04-11-2024 10:14,SELL,58.7266,119.01,-1.56,,-7.43734,11766.0,target_hit,05-11-2024 09:19,nse
TRADE_HISTORY,NTPC_POWERGRID,346,07-11-2024 09:24,SELL,6.98684,13.02,0.95,,0.64581,50219.1,target_hit,08-11-2024 09:44,nse
TRADE_HISTORY,TCS_WIPRO,347,08-11-2024 10:14,BUY,-63.66933,-124.05,-3.29,,7.86512,33257.6,target_hit,08-11-2024 15:04,nse
TRADE_HISTORY,NTPC_POWERGRID,348,08-11-2024 14:44,BUY,-6.68235,-13.07,-0.3,,-13.51543,-67945.7,stop_loss_hit,11-11-2024 09:29,nse
TRADE_HISTORY,NTPC_POWERGRID,349,11-11-2024 09:34,BUY,-13.94367,-20.44,-7.44,,-8.17455,-79437.3,target_hit,11-11-2024 10:49,nse
TRADE_HISTORY,IOC_BPCL,350,11-11-2024 09:54,BUY,-2.48718,-4.34,-0.63,,-0.2805,-22070.3,target_hit,12-11-2024 09:29,nse
TRADE_HISTORY,BAJFINANCE_BAJAJFINSV,351,11-11-2024 10:54,BUY,-104.02118,-205.52,-2.52,,3.19484,29836.3,target_hit,13-11-2024 09:59,nse
TRADE_HISTORY,NTPC_POWERGRID,352,12-11-2024 09:59,BUY,-7.78206,-15.23,-0.34,,1.18185,33998.2,target_hit,12-11-2024 14:04,nse
TRADE_HISTORY,NTPC_POWERGRID,353,13-11-2024 09:44,SELL,7.46331,14.79,0.14,,-1.0843,11881.5,target_hit,13-11-2024 14:39,nse
TRADE_HISTORY,IOC_BPCL,354,14-11-2024 11:34,SELL,1.84782,3.83,-0.13,,1.83493,-74859.1,target_hit,18-11-2024 14:39,nse
TRADE_HISTORY,TCS_WIPRO,355,18-11-2024 09:19,SELL,89.80928,149.66,29.96,,19.25657,67461.3,target_hit,18-11-2024 10:19,nse
TRADE_HISTORY,BAJFINANCE_BAJAJFINSV,356,18-11-2024 09:19,SELL,161.03943,262.34,59.74,,52.00752,-27748.9,target_hit,18-11-2024 13:14,nse
TRADE_HISTORY,NTPC_POWERGRID,357,18-11-2024 09:34,BUY,-7.34626,-14.51,-0.18,,-0.15674,-930.6,target_hit,18-11-2024 13:34,nse
TRADE_HISTORY,INFY_HCLTECH,358,18-11-2024 11:34,BUY,-25.5943,-49.66,-1.53,,13.87981,89280.6,target_hit,19-11-2024 09:19,nse
TRADE_HISTORY,IOC_BPCL,359,18-11-2024 14:59,SELL,2.11728,4.37,-0.13,,-0.16771,42026.7,target_hit,19-11-2024 10:09,nse
TRADE_HISTORY,NTPC_POWERGRID,360,19-11-2024 09:19,SELL,7.83672,15.15,0.52,,-1.22322,71028.7,target_hit,19-11-2024 09:39,nse
TRADE_HISTORY,TCS_WIPRO,361,19-11-2024 15:09,BUY,-62.48295,-120.29,-4.68,,-2.9697,56109.2,target_hit,21-11-2024 12:09,nse
TRADE_HISTORY,NTPC_POWERGRID,362,21-11-2024 09:19,BUY,-10.64308,-17.87,-3.42,,-2.59303,-51645.5,target_hit,21-11-2024 10:39,nse
TRADE_HISTORY,INFY_HCLTECH,363,21-11-2024 09:19,SELL,29.4217,53.01,5.83,,5.82206,54935.9,target_hit,21-11-2024 11:29,nse
TRADE_HISTORY,TCS_WIPRO,364,22-11-2024 14:19,SELL,64.99437,123.06,6.93,,2.93913,43768.7,target_hit,25-11-2024 12:44,nse
TRADE_HISTORY,BAJFINANCE_BAJAJFINSV,365,25-11-2024 09:34,SELL,128.06858,233.73,22.41,,16.14471,54255.9,target_hit,25-11-2024 11:19,nse
TRADE_HISTORY,IOC_BPCL,366,25-11-2024 09:39,BUY,-2.81884,-5.07,-0.57,,-0.52795,53966.5,target_hit,25-11-2024 11:24,nse
TRADE_HISTORY,INFY_HCLTECH,367,26-11-2024 09:19,SELL,32.16577,55.22,9.11,,8.73576,29747.5,target_hit,27-11-2024 09:24,nse
TRADE_HISTORY,IOC_BPCL,368,27-11-2024 14:39,SELL,2.22812,4.26,0.2,,0.09954,-12856.5,target_hit,28-11-2024 14:29,nse
TRADE_HISTORY,TCS_WIPRO,369,02-12-2024 09:19,BUY,-61.77505,-119.89,-3.66,,-0.70508,47503.9,target_hit,03-12-2024 09:49,nse
TRADE_HISTORY,SBILIFE_HDFCLIFE,370,02-12-2024 09:24,SELL,29.47344,58.08,0.87,,28.47847,-78088.2,target_hit,03-12-2024 15:04,nse
TRADE_HISTORY,SBILIFE_HDFCLIFE,371,03-12-2024 15:09,SELL,30.2356,59.56,0.91,,0.76066,37601.8,target_hit,04-12-2024 11:20,nse
TRADE_HISTORY,ULTRACEMCO_SHREECEM,372,05-12-2024 13:20,SELL,233.11365,449.97,16.26,,3.84886,22823.1,target_hit,06-12-2024 10:20,nse
TRADE_HISTORY,SUNPHARMA_LUPIN,373,05-12-2024 14:55,BUY,-33.69339,-61.95,-5.43,,4.84499,47324.6,target_hit,09-12-2024 14:40,nse
TRADE_HISTORY,GODREJCP_DABUR,374,09-12-2024 09:15,BUY,-82.84247,-109.49,-56.2,,-54.59707,27018.5,target_hit,09-12-2024 11:20,nse
TRADE_HISTORY,GODREJCP_DABUR,375,09-12-2024 11:25,BUY,-49.34027,-82.62,-16.06,,-14.37964,-20323.2,target_hit,09-12-2024 12:00,nse
TRADE_HISTORY,SBILIFE_HDFCLIFE,376,09-12-2024 11:50,SELL,31.13178,59.47,2.8,,2.0972,29187.5,target_hit,09-12-2024 15:15,nse
TRADE_HISTORY,TCS_WIPRO,377,09-12-2024 15:15,BUY,-59.60026,-116.83,-2.37,,-117.90233,-76833.7,stop_loss_hit,10-12-2024 10:55,nse
TRADE_HISTORY,TCS_WIPRO,378,10-12-2024 11:00,BUY,-117.33107,-177.45,-57.21,,-38.31584,-14110.6,target_hit,10-12-2024 11:50,nse
TRADE_HISTORY,HINDUNILVR_BRITANNIA,379,11-12-2024 09:35,BUY,-42.51742,-86.16,1.13,,-47.64962,-75678.7,stop_loss_hit,12-12-2024 10:30,nse
TRADE_HISTORY,IOC_BPCL,380,11-12-2024 14:20,BUY,-1.96798,-3.74,-0.2,,-0.08211,51740.6,target_hit,12-12-2024 14:40,nse
TRADE_HISTORY,SUNPHARMA_LUPIN,381,13-12-2024 09:20,SELL,29.32466,58.91,-0.26,,-1.4685,-21554.4,target_hit,16-12-2024 10:00,nse
TRADE_HISTORY,IOC_BPCL,382,13-12-2024 10:50,SELL,1.78801,3.66,-0.08,,-0.1748,-30116.3,target_hit,17-12-2024 11:40,nse
TRADE_HISTORY,TCS_WIPRO,383,17-12-2024 10:10,BUY,-56.59708,-115.71,2.51,,-52.70429,-90350.6,target_hit,18-12-2024 09:15,nse
TRADE_HISTORY,SUNPHARMA_LUPIN,384,18-12-2024 11:55,BUY,-31.95421,-62.31,-1.59,,0.49531,-48414.3,target_hit,19-12-2024 14:55,nse
TRADE_HISTORY,TCS_WIPRO,385,19-12-2024 09:15,SELL,136.0708,201.2,70.94,,49.89612,72201.6,target_hit,19-12-2024 09:35,nse
TRADE_HISTORY,TCS_WIPRO,386,19-12-2024 14:40,BUY,-67.46357,-134.37,-0.55,,0.31601,42074.1,target_hit,20-12-2024 09:30,nse
TRADE_HISTORY,TCS_WIPRO,387,23-12-2024 11:25,BUY,-65.91809,-130.81,-1.03,,-0.19508,31559.1,target_hit,23-12-2024 13:10,nse
TRADE_HISTORY,IOC_BPCL,388,26-12-2024 10:40,BUY,-2.42573,-4.32,-0.53,,-0.49038,-8581.2,target_hit,27-12-2024 14:25,nse
TRADE_HISTORY,ULTRACEMCO_SHREECEM,389,26-12-2024 11:55,SELL,218.89003,423.86,13.92,,114.28307,-76788.1,target_hit,27-12-2024 10:40,nse
TRADE_HISTORY,TCS_WIPRO,390,27-12-2024 10:15,BUY,-63.18076,-125.84,-0.52,,2.99158,26941.8,target_hit,30-12-2024 09:15,nse
TRADE_HISTORY,SUNPHARMA_LUPIN,391,30-12-2024 09:35,BUY,-33.12104,-61.89,-4.35,,-3.2041,51664.9,target_hit,30-12-2024 14:20,nse
TRADE_HISTORY,SUNPHARMA_LUPIN,392,30-12-2024 15:00,BUY,-49.6931,-77.88,-21.51,,-18.64181,-24453.4,target_hit,31-12-2024 10:55,nse
TRADE_HISTORY,IOC_BPCL,393,30-12-2024 15:15,BUY,-2.24507,-4.11,-0.38,,-0.3519,58681.3,target_hit,31-12-2024 09:15,nse
TRADE_HISTORY,TCS_WIPRO,394,30-12-2024 15:15,SELL,78.1177,142.72,13.52,,6.71455,65317.3,target_hit,30-12-2024 15:25,nse
TRADE_HISTORY,ULTRACEMCO_SHREECEM,395,01-01-2025 09:50,SELL,231.64383,447.63,15.66,,9.25706,-4341.3,target_hit,01-01-2025 15:05,nse
TRADE_HISTORY,SUNPHARMA_LUPIN,396,02-01-2025 14:55,BUY,-36.24378,-65.87,-6.62,,-4.01757,43211.6,target_hit,03-01-2025 10:45,nse
TRADE_HISTORY,SBILIFE_HDFCLIFE,397,02-01-2025 15:10,SELL,22.14564,43.16,1.13,,27.49215,-78468.7,stop_loss_hit,06-01-2025 09:30,nse
TRADE_HISTORY,TCS_WIPRO,398,03-01-2025 11:40,SELL,69.55857,136.98,2.14,,-1.76815,11180.8,target_hit,06-01-2025 15:05,nse
TRADE_HISTORY,GODREJCP_DABUR,399,06-01-2025 09:15,SELL,40.20656,66.52,13.89,,64.29001,-73479.0,stop_loss_hit,06-01-2025 12:35,nse
TRADE_HISTORY,SBILIFE_HDFCLIFE,400,06-01-2025 09:35,SELL,32.64689,58.02,7.28,,4.95299,-12400.8,target_hit,06-01-2025 10:40,nse
TRADE_HISTORY,GODREJCP_DABUR,401,06-01-2025 12:40,SELL,63.76465,95.84,31.68,,28.38673,-13986.0,target_hit,06-01-2025 13:55,nse
TRADE_HISTORY,IOC_BPCL,402,07-01-2025 09:55,SELL,1.67311,3.53,-0.18,,3.5936,-66258.8,stop_loss_hit,07-01-2025 11:25,nse
TRADE_HISTORY,IOC_BPCL,403,07-01-2025 11:30,SELL,3.6944,5.62,1.77,,1.68722,31069.3,target_hit,07-01-2025 15:00,nse
TRADE_HISTORY,SUNPHARMA_LUPIN,404,08-01-2025 09:40,SELL,28.87256,57.2,0.54,,51.1321,-73148.3,stop_loss_hit,08-01-2025 11:40,nse
TRADE_HISTORY,SUNPHARMA_LUPIN,405,08-01-2025 11:45,SELL,54.09476,84.86,23.33,,22.67567,15885.3,target_hit,08-01-2025 12:15,nse
TRADE_HISTORY,ULTRACEMCO_SHREECEM,406,09-01-2025 09:55,BUY,-293.5245,-515.7,-71.35,,-67.02951,45595.2,target_hit,09-01-2025 12:55,nse
TRADE_HISTORY,SBILIFE_HDFCLIFE,407,09-01-2025 14:15,SELL,24.97359,48.86,1.09,,20.60286,-72623.2,target_hit,14-01-2025 09:45,nse
TRADE_HISTORY,TCS_WIPRO,408,10-01-2025 09:15,SELL,81.09136,146.23,15.96,,82.98016,-82943.1,stop_loss_hit,13-01-2025 09:35,nse
TRADE_HISTORY,ULTRACEMCO_SHREECEM,409,10-01-2025 10:05,BUY,-244.62046,-475.41,-13.83,,0.3576,-21653.9,target_hit,10-01-2025 15:25,nse
TRADE_HISTORY,IOC_BPCL,410,13-01-2025 09:35,BUY,-2.59407,-4.69,-0.5,,-0.30542,90.8,target_hit,13-01-2025 15:10,nse
TRADE_HISTORY,TCS_WIPRO,411,13-01-2025 09:40,SELL,90.07963,161.56,18.6,,12.09614,-25520.9,target_hit,13-01-2025 10:30,nse
TRADE_HISTORY,GODREJCP_DABUR,412,14-01-2025 10:20,BUY,-30.98563,-60.95,-1.02,,4.01686,24575.9,target_hit,17-01-2025 09:15,nse
TRADE_HISTORY,SBILIFE_HDFCLIFE,413,14-01-2025 10:20,SELL,29.28996,53.27,5.31,,5.30868,5150.4,target_hit,14-01-2025 11:25,nse
TRADE_HISTORY,HINDUNILVR_BRITANNIA,414,14-01-2025 12:05,BUY,-29.94078,-59.67,-0.21,,-0.05246,20074.5,target_hit,17-01-2025 10:25,nse
TRADE_HISTORY,SUNPHARMA_LUPIN,415,15-01-2025 09:30,SELL,31.31486,59.83,2.8,,30.06077,-101363.7,target_hit,17-01-2025 09:15,nse
TRADE_HISTORY,SBILIFE_HDFCLIFE,416,16-01-2025 09:15,BUY,-81.17115,-102.14,-60.2,,-59.04551,-23986.5,target_hit,16-01-2025 09:35,nse
TRADE_HISTORY,IOC_BPCL,417,16-01-2025 09:15,SELL,2.53124,4.67,0.39,,0.38223,16193.4,target_hit,16-01-2025 13:05,nse
TRADE_HISTORY,NTPC_POWERGRID,418,16-01-2025 12:20,SELL,8.15993,16.19,0.13,,0.0868,32241.2,target_hit,17-01-2025 10:00,nse
TRADE_HISTORY,IOC_BPCL,419,17-01-2025 09:55,BUY,-2.56135,-4.78,-0.35,,0.02671,-1584.5,target_hit,17-01-2025 14:00,nse
TRADE_HISTORY,TCS_WIPRO,420,20-01-2025 09:15,BUY,-321.6549,-385.39,-257.92,,-198.16816,2073.4,target_hit,20-01-2025 09:45,nse
TRADE_HISTORY,HINDUNILVR_BRITANNIA,421,20-01-2025 13:25,BUY,-36.52389,-71.3,-1.75,,-85.23161,-176063.7,stop_loss_hit,23-01-2025 09:15,nse
TRADE_HISTORY,ULTRACEMCO_SHREECEM,422,21-01-2025 11:45,SELL,260.6271,486.82,34.43,,22.84785,52137.1,target_hit,22-01-2025 09:20,nse
TRADE_HISTORY,HINDUNILVR_BRITANNIA,423,23-01-2025 09:20,BUY,-83.08974,-117.63,-48.55,,-42.62012,43978.0,target_hit,23-01-2025 09:40,nse
TRADE_HISTORY,TCS_WIPRO,424,23-01-2025 09:20,BUY,-80.08915,-153.23,-6.95,,-180.83277,-85480.9,stop_loss_hit,23-01-2025 09:40,nse
TRADE_HISTORY,ULTRACEMCO_SHREECEM,425,23-01-2025 09:20,SELL,241.86884,476.15,7.59,,473.60347,-77348.1,stop_loss_hit,23-01-2025 14:30,nse
TRADE_HISTORY,TCS_WIPRO,426,23-01-2025 09:45,BUY,-187.3491,-261.18,-113.52,,-108.13284,10180.8,target_hit,23-01-2025 10:30,nse
TRADE_HISTORY,SUNPHARMA_LUPIN,427,23-01-2025 10:40,SELL,31.27799,62.07,0.48,,-1.22348,55245.6,target_hit,23-01-2025 13:25,nse
TRADE_HISTORY,IOC_BPCL,428,23-01-2025 11:55,SELL,2.47404,4.75,0.2,,2.21419,-72444.8,target_hit,24-01-2025 15:25,nse
TRADE_HISTORY,ULTRACEMCO_SHREECEM,429,23-01-2025 14:35,SELL,461.6458,694.26,229.04,,169.80849,33720.1,target_hit,24-01-2025 09:30,nse
TRADE_HISTORY,SBILIFE_HDFCLIFE,430,24-01-2025 09:15,BUY,-22.39685,-45.75,0.95,,1.30164,38417.8,target_hit,27-01-2025 10:30,nse
TRADE_HISTORY,SUNPHARMA_LUPIN,431,24-01-2025 10:00,SELL,34.43895,66.05,2.83,,1.97759,59491.6,target_hit,24-01-2025 11:05,nse
TRADE_HISTORY,GODREJCP_DABUR,432,27-01-2025 09:15,BUY,-45.96652,-77.69,-14.24,,-13.2574,28458.3,target_hit,27-01-2025 14:40,nse
TRADE_HISTORY,ULTRACEMCO_SHREECEM,433,27-01-2025 09:20,SELL,237.5003,473.76,1.24,,-26.4317,25244.0,target_hit,28-01-2025 09:20,nse
TRADE_HISTORY,SUNPHARMA_LUPIN,434,27-01-2025 09:20,SELL,32.00148,63.87,0.14,,-4.41658,50813.9,target_hit,28-01-2025 09:15,nse
TRADE_HISTORY,IOC_BPCL,435,27-01-2025 14:45,BUY,-2.5121,-4.75,-0.27,,-0.24856,-6436.9,target_hit,28-01-2025 14:45,nse
TRADE_HISTORY,TCS_WIPRO,436,28-01-2025 09:15,SELL,80.89618,159.22,2.57,,0.0636,11609.2,target_hit,29-01-2025 09:20,nse
TRADE_HISTORY,HINDUNILVR_BRITANNIA,437,28-01-2025 12:55,SELL,40.74688,76.78,4.71,,0.34966,-16506.9,target_hit,29-01-2025 13:40,nse
TRADE_HISTORY,ULTRACEMCO_SHREECEM,438,28-01-2025 13:05,BUY,-246.73156,-490.84,-2.62,,9.12915,9748.9,target_hit,29-01-2025 14:45,nse
TRADE_HISTORY,IOC_BPCL,439,29-01-2025 09:15,SELL,3.32347,5.63,1.01,,0.96652,16383.5,target_hit,29-01-2025 10:45,nse
TRADE_HISTORY,SUNPHARMA_LUPIN,440,30-01-2025 09:35,BUY,-33.95407,-64.7,-3.21,,-1.12553,50625.5,target_hit,30-01-2025 15:05,nse
TRADE_HISTORY,ULTRACEMCO_SHREECEM,441,30-01-2025 10:00,BUY,-239.75362,-474.36,-5.15,,0.78445,44935.4,target_hit,30-01-2025 12:20,nse
TRADE_HISTORY,GODREJCP_DABUR,442,30-01-2025 15:25,BUY,-43.40587,-76.91,-9.91,,-6.41503,65922.8,target_hit,31-01-2025 09:15,nse
TRADE_HISTORY,NTPC_POWERGRID,443,31-01-2025 09:15,BUY,-9.56336,-17.94,-1.19,,-0.8204,22322.9,target_hit,01-02-2025 09:55,nse
TRADE_HISTORY,ULTRACEMCO_SHREECEM,444,31-01-2025 10:35,BUY,-250.49075,-485.97,-15.01,,1.07268,-11780.1,target_hit,01-02-2025 09:15,nse
TRADE_HISTORY,HINDUNILVR_BRITANNIA,445,01-02-2025 09:35,SELL,40.95066,78.55,3.35,,-23.21966,83955.7,target_hit,01-02-2025 12:35,nse
TRADE_HISTORY,ULTRACEMCO_SHREECEM,446,01-02-2025 09:45,SELL,250.94231,492.45,9.43,,-177.48217,79090.2,target_hit,01-02-2025 11:50,nse
TRADE_HISTORY,SBILIFE_HDFCLIFE,447,01-02-2025 11:15,BUY,-25.0861,-47.93,-2.24,,6.32685,76674.3,target_hit,01-02-2025 13:15,nse
TRADE_HISTORY,ULTRACEMCO_SHREECEM,448,01-02-2025 12:00,BUY,-279.76082,-522.86,-36.66,,46.84766,35745.3,target_hit,01-02-2025 12:55,nse
TRADE_HISTORY,SUNPHARMA_LUPIN,449,01-02-2025 12:30,SELL,29.40146,58.52,0.29,,-0.84325,56499.0,target_hit,01-02-2025 15:10,nse
TRADE_HISTORY,NTPC_POWERGRID,450,01-02-2025 12:40,SELL,9.51775,18.48,0.56,,0.20134,50966.8,target_hit,01-02-2025 14:50,nse
TRADE_HISTORY,GODREJCP_DABUR,451,01-02-2025 13:05,SELL,27.16653,54.23,0.11,,-2.65795,44116.8,target_hit,03-02-2025 10:45,nse
TRADE_HISTORY,IOC_BPCL,452,01-02-2025 13:15,SELL,2.53073,4.92,0.14,,-0.05949,63442.0,target_hit,01-02-2025 13:45,nse
TRADE_HISTORY,SUNPHARMA_LUPIN,453,03-02-2025 09:20,SELL,37.56016,66.71,8.41,,7.02791,47659.3,target_hit,03-02-2025 11:45,nse
TRADE_HISTORY,HINDUNILVR_BRITANNIA,454,03-02-2025 09:45,SELL,40.90429,79.98,1.83,,1.55414,44839.4,target_hit,03-02-2025 12:10,nse
TRADE_HISTORY,SUNPHARMA_LUPIN,455,03-02-2025 12:50,SELL,30.07,60.37,-0.23,,-5.70407,56114.6,target_hit,04-02-2025 09:15,nse
TRADE_HISTORY,TCS_WIPRO,456,04-02-2025 09:15,BUY,-110.66288,-192.02,-29.31,,-24.21964,48942.5,target_hit,04-02-2025 13:15,nse
TRADE_HISTORY,NTPC_POWERGRID,457,04-02-2025 09:15,SELL,13.87101,22.93,4.81,,4.65805,52047.3,target_hit,04-02-2025 11:35,nse
TRADE_HISTORY,SBILIFE_HDFCLIFE,458,04-02-2025 10:05,SELL,24.42006,48.16,0.68,,-0.6327,52337.5,target_hit,05-02-2025 09:20,nse
TRADE_HISTORY,GODREJCP_DABUR,459,04-02-2025 11:35,BUY,-29.04936,-55.52,-2.58,,-0.65493,17550.9,target_hit,05-02-2025 09:50,nse
TRADE_HISTORY,SUNPHARMA_LUPIN,460,05-02-2025 09:15,BUY,-44.56414,-74.51,-14.62,,-52.8285,-78558.9,stop_loss_hit,05-02-2025 09:55,nse
TRADE_HISTORY,IOC_BPCL,461,06-02-2025 10:10,BUY,-2.62021,-4.99,-0.25,,-0.08207,22006.6,target_hit,06-02-2025 14:55,nse
TRADE_HISTORY,HINDUNILVR_BRITANNIA,462,07-02-2025 09:15,BUY,-90.05805,-129.67,-50.45,,-50.22648,55556.4,target_hit,07-02-2025 09:45,nse
TRADE_HISTORY,NTPC_POWERGRID,463,07-02-2025 09:15,SELL,12.43637,20.05,4.83,,4.28385,49159.9,target_hit,07-02-2025 11:35,nse
TRADE_HISTORY,HINDUNILVR_BRITANNIA,464,07-02-2025 09:50,BUY,-53.53157,-94.1,-12.96,,-11.2671,53739.6,target_hit,07-02-2025 11:20,nse
TRADE_HISTORY,SBILIFE_HDFCLIFE,465,10-02-2025 09:15,BUY,-23.89359,-46.08,-1.71,,-1.24514,-22527.0,target_hit,11-02-2025 12:30,nse
TRADE_HISTORY,SUNPHARMA_LUPIN,466,11-02-2025 09:30,SELL,40.95604,72.33,9.59,,9.20983,-52398.9,target_hit,11-02-2025 11:55,nse
TRADE_HISTORY,HINDUNILVR_BRITANNIA,467,11-02-2025 14:00,BUY,-40.38413,-80.16,-0.61,,-0.54472,29306.2,target_hit,13-02-2025 13:20,nse
TRADE_HISTORY,ULTRACEMCO_SHREECEM,468,11-02-2025 14:05,BUY,-236.52204,-469.79,-3.25,,8.23613,57291.2,target_hit,12-02-2025 11:45,nse
TRADE_HISTORY,SUNPHARMA_LUPIN,469,12-02-2025 09:30,SELL,39.23513,73.01,5.46,,4.73727,57406.1,target_hit,12-02-2025 09:40,nse
TRADE_HISTORY,GODREJCP_DABUR,470,12-02-2025 10:25,BUY,-27.56856,-52.5,-2.63,,-2.17498,19378.0,target_hit,13-02-2025 11:50,nse
TRADE_HISTORY,SUNPHARMA_LUPIN,471,13-02-2025 09:30,BUY,-44.92794,-77.39,-12.46,,-10.35907,34734.1,target_hit,13-02-2025 10:45,nse
TRADE_HISTORY,SUNPHARMA_LUPIN,472,13-02-2025 12:50,SELL,34.42768,68.0,0.86,,-2.66998,-39331.3,target_hit,13-02-2025 14:10,nse
TRADE_HISTORY,SBILIFE_HDFCLIFE,473,13-02-2025 13:50,SELL,20.37079,41.38,-0.64,,-2.02368,42577.4,target_hit,14-02-2025 12:25,nse
TRADE_HISTORY,ULTRACEMCO_SHREECEM,474,14-02-2025 12:10,BUY,-244.80983,-481.65,-7.97,,-1.99743,31115.2,target_hit,17-02-2025 13:20,nse
TRADE_HISTORY,SBILIFE_HDFCLIFE,475,17-02-2025 09:15,SELL,31.61259,53.62,9.61,,8.24405,-12374.3,target_hit,17-02-2025 11:45,nse
TRADE_HISTORY,NTPC_POWERGRID,476,17-02-2025 11:15,BUY,-7.9004,-15.64,-0.16,,0.44559,39587.9,target_hit,18-02-2025 14:30,nse
TRADE_HISTORY,TCS_WIPRO,477,17-02-2025 11:45,SELL,71.33599,145.28,-2.61,,-61.34351,101774.2,target_hit,18-02-2025 09:15,nse
TRADE_HISTORY,TCS_WIPRO,478,18-02-2025 13:55,BUY,-80.59334,-157.53,-3.66,,-162.8274,-74197.6,stop_loss_hit,19-02-2025 09:50,nse
TRADE_HISTORY,TCS_WIPRO,479,19-02-2025 09:55,BUY,-165.00276,-244.31,-85.7,,-60.78311,-29585.6,target_hit,19-02-2025 11:00,nse
TRADE_HISTORY,GODREJCP_DABUR,480,20-02-2025 09:15,SELL,30.17029,55.0,5.34,,4.06214,-40106.0,target_hit,20-02-2025 10:35,nse
TRADE_HISTORY,NTPC_POWERGRID,481,20-02-2025 09:25,SELL,8.89671,17.28,0.52,,0.42599,-30500.8,target_hit,20-02-2025 14:40,nse
TRADE_HISTORY,ULTRACEMCO_SHREECEM,482,20-02-2025 09:25,BUY,-236.21409,-455.62,-16.81,,-5.0947,51310.8,target_hit,20-02-2025 13:00,nse
TRADE_HISTORY,IOC_BPCL,483,21-02-2025 09:40,SELL,1.73698,3.64,-0.16,,-0.22716,8554.4,target_hit,27-02-2025 14:55,nse
TRADE_HISTORY,TCS_WIPRO,484,21-02-2025 10:05,SELL,80.93965,162.36,-0.48,,-2.46552,-23254.9,target_hit,24-02-2025 15:15,nse
TRADE_HISTORY,ULTRACEMCO_SHREECEM,485,21-02-2025 10:30,BUY,-231.24482,-442.24,-20.25,,-8.01827,38817.7,target_hit,24-02-2025 09:15,nse
TRADE_HISTORY,SUNPHARMA_LUPIN,486,24-02-2025 09:15,SELL,33.20208,66.95,-0.54,,-5.88023,59915.8,target_hit,25-02-2025 09:35,nse
TRADE_HISTORY,ULTRACEMCO_SHREECEM,487,27-02-2025 09:15,BUY,-396.17532,-596.57,-195.78,,-135.13806,-14779.2,target_hit,27-02-2025 10:30,nse
TRADE_HISTORY,SBILIFE_HDFCLIFE,488,27-02-2025 10:50,BUY,-23.75591,-46.9,-0.61,,-0.3864,55716.6,target_hit,27-02-2025 14:20,nse
TRADE_HISTORY,SUNPHARMA_LUPIN,489,27-02-2025 14:35,SELL,36.13635,69.21,3.06,,1.27898,52340.7,target_hit,28-02-2025 12:45,nse
TRADE_HISTORY,HINDUNILVR_BRITANNIA,490,28-02-2025 13:40,SELL,35.33142,69.82,0.85,,-3.04653,60784.0,target_hit,03-03-2025 09:50,nse
TRADE_HISTORY,SBILIFE_HDFCLIFE,491,28-02-2025 14:35,BUY,-25.3106,-48.82,-1.8,,-43.98164,-74108.0,stop_loss_hit,03-03-2025 14:00,nse
TRADE_HISTORY,SUNPHARMA_LUPIN,492,28-02-2025 15:10,BUY,-39.03582,-73.7,-4.37,,-41.25299,-76485.4,stop_loss_hit,03-03-2025 13:40,nse
TRADE_HISTORY,IOC_BPCL,493,03-03-2025 11:55,BUY,-2.13874,-4.05,-0.23,,-0.04442,56530.3,target_hit,04-03-2025 09:50,nse
TRADE_HISTORY,SBILIFE_HDFCLIFE,494,03-03-2025 14:05,BUY,-42.5248,-67.22,-17.83,,-12.59399,-13142.6,target_hit,03-03-2025 14:55,nse
TRADE_HISTORY,HINDUNILVR_BRITANNIA,495,04-03-2025 09:15,SELL,39.2369,74.48,3.99,,3.03108,56327.8,target_hit,04-03-2025 12:10,nse
TRADE_HISTORY,NTPC_POWERGRID,496,04-03-2025 10:25,BUY,-7.59767,-14.87,-0.33,,-0.2683,58086.5,target_hit,04-03-2025 13:30,nse
TRADE_HISTORY,HINDUNILVR_BRITANNIA,497,05-03-2025 14:35,BUY,-40.36848,-74.94,-5.8,,-0.06505,56371.5,target_hit,06-03-2025 12:35,nse
TRADE_HISTORY,ULTRACEMCO_SHREECEM,498,06-03-2025 09:20,BUY,-233.69293,-442.41,-24.98,,-16.46344,25525.5,target_hit,06-03-2025 13:05,nse
TRADE_HISTORY,NTPC_POWERGRID,499,06-03-2025 12:35,SELL,8.08558,15.19,0.98,,-1.72848,65261.0,target_hit,10-03-2025 09:15,nse
TRADE_HISTORY,GODREJCP_DABUR,500,07-03-2025 10:50,SELL,18.91245,39.31,-1.48,,-2.95777,14834.8,target_hit,11-03-2025 09:35,nse
TRADE_HISTORY,TCS_WIPRO,501,10-03-2025 09:30,SELL,77.97731,155.15,0.8,,-6.68744,-9114.3,target_hit,11-03-2025 14:25,nse
TRADE_HISTORY,NTPC_POWERGRID,502,10-03-2025 10:05,BUY,-7.35885,-14.77,0.05,,0.70257,38887.7,target_hit,11-03-2025 11:15,nse
TRADE_HISTORY,HINDUNILVR_BRITANNIA,503,10-03-2025 13:55,SELL,37.02867,70.78,3.28,,0.09743,49690.3,target_hit,11-03-2025 13:15,nse
TRADE_HISTORY,SUNPHARMA_LUPIN,504,11-03-2025 09:15,SELL,39.19728,75.07,3.32,,23.13454,-74875.6,target_hit,11-03-2025 12:10,nse
TRADE_HISTORY,TCS_WIPRO,505,12-03-2025 10:00,SELL,86.23722,166.18,6.29,,4.18551,-17486.9,target_hit,12-03-2025 12:45,nse
TRADE_HISTORY,IOC_BPCL,506,12-03-2025 10:30,BUY,-1.92191,-3.67,-0.17,,-0.15514,56211.8,target_hit,12-03-2025 13:20,nse
TRADE_HISTORY,HINDUNILVR_BRITANNIA,507,12-03-2025 13:50,BUY,-40.549,-75.2,-5.9,,-5.07073,-12167.3,target_hit,13-03-2025 11:20,nse
TRADE_HISTORY,GODREJCP_DABUR,508,17-03-2025 09:30,SELL,19.03805,40.79,-2.72,,31.96537,-80438.2,stop_loss_hit,18-03-2025 09:50,nse
TRADE_HISTORY,SBILIFE_HDFCLIFE,509,17-03-2025 11:30,SELL,25.45946,49.57,1.35,,1.03388,7804.3,target_hit,18-03-2025 13:05,nse
TRADE_HISTORY,GODREJCP_DABUR,510,18-03-2025 09:55,SELL,33.61354,56.58,10.65,,9.8783,-6892.2,target_hit,18-03-2025 11:10,nse
TRADE_HISTORY,ULTRACEMCO_SHREECEM,511,18-03-2025 11:00,SELL,220.83382,448.0,-6.34,,-13.93889,32697.3,target_hit,20-03-2025 09:30,nse
TRADE_HISTORY,IOC_BPCL,512,19-03-2025 14:55,SELL,1.71361,3.36,0.07,,0.06344,51069.9,target_hit,20-03-2025 14:50,nse
TRADE_HISTORY,GODREJCP_DABUR,513,20-03-2025 09:25,SELL,22.39877,45.29,-0.49,,-3.74684,35842.1,target_hit,21-03-2025 09:15,nse
TRADE_HISTORY,IOC_BPCL,514,21-03-2025 12:45,BUY,-1.87943,-3.59,-0.17,,-0.00893,48222.4,target_hit,24-03-2025 12:50,nse
TRADE_HISTORY,HINDUNILVR_BRITANNIA,515,24-03-2025 09:55,SELL,34.26345,67.93,0.6,,0.52289,37337.2,target_hit,25-03-2025 15:25,nse
TRADE_HISTORY,ULTRACEMCO_SHREECEM,516,24-03-2025 10:10,BUY,-234.43607,-451.24,-17.64,,65.53484,65770.8,target_hit,25-03-2025 09:15,nse
TRADE_HISTORY,NTPC_POWERGRID,517,24-03-2025 11:55,SELL,6.38449,12.7,0.07,,-4.37459,52394.2,target_hit,26-03-2025 09:15,nse
TRADE_HISTORY,ULTRACEMCO_SHREECEM,518,25-03-2025 14:40,SELL,217.91831,436.57,-0.73,,-7.62551,47836.1,target_hit,26-03-2025 13:45,nse
TRADE_HISTORY,GODREJCP_DABUR,519,26-03-2025 09:35,SELL,18.7261,39.31,-1.86,,-6.72139,72490.6,target_hit,26-03-2025 10:15,nse
TRADE_HISTORY,NTPC_POWERGRID,520,26-03-2025 09:55,BUY,-7.12351,-13.81,-0.44,,-0.34624,-12089.4,target_hit,26-03-2025 14:20,nse
TRADE_HISTORY,SBILIFE_HDFCLIFE,521,27-03-2025 09:20,BUY,-27.73259,-52.29,-3.18,,-2.41867,22503.2,target_hit,28-03-2025 09:25,nse
TRADE_HISTORY,GODREJCP_DABUR,522,27-03-2025 09:55,SELL,18.2658,38.61,-2.08,,12.05649,-72836.5,target_hit,28-03-2025 15:05,nse
TRADE_HISTORY,IOC_BPCL,523,27-03-2025 12:25,BUY,-1.99642,-3.6,-0.39,,0.62975,85509.0,target_hit,27-03-2025 15:00,nse
TRADE_HISTORY,NTPC_POWERGRID,524,27-03-2025 15:25,SELL,8.63167,15.47,1.8,,1.42016,12163.3,target_hit,28-03-2025 12:55,nse
TRADE_HISTORY,HINDUNILVR_BRITANNIA,525,27-03-2025 15:25,BUY,-42.1652,-78.98,-5.35,,-25.98108,-5776.0,target_hit,28-03-2025 15:25,nse
TRADE_HISTORY,IOC_BPCL,526,28-03-2025 09:30,BUY,-1.87926,-3.53,-0.23,,-2.66444,-73872.5,stop_loss_hit,28-03-2025 11:30,nse
TRADE_HISTORY,IOC_BPCL,527,28-03-2025 11:35,BUY,-2.46016,-4.28,-0.64,,-0.44225,33449.7,target_hit,28-03-2025 11:45,nse
TRADE_HISTORY,NTPC_POWERGRID,528,01-04-2025 09:35,BUY,-7.5605,-14.61,-0.51,,-0.50853,32609.2,target_hit,01-04-2025 13:30,nse
TRADE_HISTORY,SBILIFE_HDFCLIFE,529,01-04-2025 11:05,BUY,-28.5301,-53.72,-3.34,,-2.03948,12594.5,target_hit,01-04-2025 15:15,nse
TRADE_HISTORY,INFY_WIPRO,530,01-04-2025 13:55,BUY,-33.8888,-66.59,-1.18,,-0.52449,34362.7,target_hit,04-04-2025 09:40,nse
TRADE_HISTORY,HINDUNILVR_BRITANNIA,531,02-04-2025 09:15,BUY,-56.74807,-94.96,-18.53,,-16.86014,7938.4,target_hit,02-04-2025 10:40,nse
TRADE_HISTORY,GODREJCP_DABUR,532,02-04-2025 09:15,SELL,26.58856,48.69,4.48,,4.28574,30416.9,target_hit,02-04-2025 12:55,nse
TRADE_HISTORY,GODREJCP_DABUR,533,03-04-2025 09:15,SELL,77.83508,98.56,57.11,,22.72724,-45410.9,target_hit,03-04-2025 09:40,nse
TRADE_HISTORY,NTPC_POWERGRID,534,04-04-2025 09:15,BUY,-8.81082,-15.9,-1.72,,-1.66806,15450.3,target_hit,04-04-2025 14:50,nse
TRADE_HISTORY,IOC_BPCL,535,04-04-2025 09:20,BUY,-1.74934,-3.4,-0.1,,0.20802,70780.2,target_hit,04-04-2025 09:30,nse
TRADE_HISTORY,BAJFINANCE_BAJAJFINSV,536,04-04-2025 09:30,SELL,128.0464,241.96,14.13,,9.86728,-16115.1,target_hit,04-04-2025 13:50,nse
TRADE_HISTORY,SBILIFE_HDFCLIFE,537,04-04-2025 10:00,BUY,-28.65899,-51.77,-5.54,,-2.76145,23071.0,target_hit,04-04-2025 15:25,nse
TRADE_HISTORY,IOC_BPCL,538,04-04-2025 11:00,SELL,1.67134,3.33,0.01,,0.01285,39722.6,target_hit,07-04-2025 09:50,nse
TRADE_HISTORY,NTPC_POWERGRID,539,07-04-2025 09:15,BUY,-15.20292,-22.81,-7.59,,-7.20796,49297.6,target_hit,07-04-2025 09:45,nse
TRADE_HISTORY,SBILIFE_HDFCLIFE,540,07-04-2025 09:50,BUY,-26.11674,-50.12,-2.12,,-1.37429,41115.7,target_hit,07-04-2025 10:55,nse
TRADE_HISTORY,NTPC_POWERGRID,541,07-04-2025 12:55,SELL,7.85636,15.62,0.1,,-0.04305,-22886.9,target_hit,08-04-2025 11:10,nse
TRADE_HISTORY,BAJFINANCE_BAJAJFINSV,542,07-04-2025 14:25,SELL,134.68152,256.4,12.96,,-16.47435,49119.2,target_hit,08-04-2025 09:20,nse
TRADE_HISTORY,IOC_BPCL,543,07-04-2025 15:20,SELL,1.73317,3.51,-0.05,,-0.09888,55654.1,target_hit,08-04-2025 11:20,nse
TRADE_HISTORY,NTPC_POWERGRID,544,09-04-2025 09:15,BUY,-9.07201,-16.44,-1.71,,-1.66208,10671.5,target_hit,09-04-2025 10:50,nse
TRADE_HISTORY,IOC_BPCL,545,09-04-2025 11:45,BUY,-2.05567,-3.86,-0.25,,0.04815,36065.9,target_hit,09-04-2025 15:10,nse
TRADE_HISTORY,SBILIFE_HDFCLIFE,546,11-04-2025 09:25,SELL,26.05568,49.68,2.43,,1.46278,-32086.2,target_hit,11-04-2025 14:15,nse
TRADE_HISTORY,SBILIFE_HDFCLIFE,547,16-04-2025 09:15,BUY,-25.50588,-50.19,-0.82,,1.65804,3531.2,target_hit,17-04-2025 11:25,nse
TRADE_HISTORY,IOC_BPCL,548,16-04-2025 13:05,BUY,-2.01104,-3.91,-0.11,,0.20269,42759.7,target_hit,16-04-2025 15:15,nse
TRADE_HISTORY,INFY_WIPRO,549,16-04-2025 13:55,BUY,-35.18364,-68.43,-1.94,,19.72013,95962.9,target_hit,17-04-2025 09:15,nse
TRADE_HISTORY,HINDUNILVR_BRITANNIA,550,17-04-2025 09:15,BUY,-44.20891,-78.49,-9.93,,-3.19463,27568.7,target_hit,17-04-2025 12:05,nse
TRADE_HISTORY,BAJFINANCE_BAJAJFINSV,551,17-04-2025 09:50,BUY,-129.80941,-253.53,-6.09,,-118.55663,-87447.8,target_hit,21-04-2025 09:20,nse
TRADE_HISTORY,INFY_WIPRO,552,17-04-2025 13:35,SELL,32.36734,66.06,-1.32,,-15.77534,3536.1,target_hit,22-04-2025 09:15,nse
TRADE_HISTORY,SBILIFE_HDFCLIFE,553,17-04-2025 15:00,SELL,24.14384,48.3,-0.02,,12.15999,-73690.4,target_hit,21-04-2025 10:15,nse
TRADE_HISTORY,IOC_BPCL,554,21-04-2025 11:30,SELL,1.93459,3.82,0.05,,-0.36097,19706.2,target_hit,22-04-2025 09:15,nse
TRADE_HISTORY,ULTRACEMCO_SHREECEM,555,21-04-2025 12:00,SELL,219.4406,441.22,-2.34,,-24.68665,59549.8,target_hit,21-04-2025 15:20,nse
TRADE_HISTORY,NTPC_POWERGRID,556,21-04-2025 12:30,BUY,-7.49134,-14.58,-0.4,,-0.07334,-22530.4,target_hit,22-04-2025 10:05,nse
TRADE_HISTORY,BAJFINANCE_BAJAJFINSV,557,22-04-2025 09:30,SELL,131.63914,258.61,4.67,,-26.50046,-12593.5,target_hit,22-04-2025 11:25,nse
TRADE_HISTORY,HINDUNILVR_BRITANNIA,558,22-04-2025 10:30,SELL,34.51316,69.4,-0.38,,-3.83366,52124.7,target_hit,22-04-2025 13:10,nse
TRADE_HISTORY,HINDUNILVR_BRITANNIA,559,23-04-2025 09:55,SELL,37.11305,73.46,0.76,,-6.18761,42986.6,target_hit,23-04-2025 14:15,nse
TRADE_HISTORY,BAJFINANCE_BAJAJFINSV,560,23-04-2025 12:30,BUY,-133.89687,-260.99,-6.8,,-5.05956,51633.1,target_hit,23-04-2025 13:30,nse
TRADE_HISTORY,ULTRACEMCO_SHREECEM,561,23-04-2025 14:15,SELL,234.26373,448.27,20.25,,10.35088,-7669.2,target_hit,24-04-2025 13:45,nse
TRADE_HISTORY,HINDUNILVR_BRITANNIA,562,24-04-2025 10:35,BUY,-42.41463,-80.0,-4.83,,-3.68183,-33369.8,target_hit,24-04-2025 12:00,nse
TRADE_HISTORY,SBILIFE_HDFCLIFE,563,25-04-2025 09:15,SELL,85.36287,108.41,62.31,,54.63767,77564.1,target_hit,25-04-2025 09:25,nse
TRADE_HISTORY,SBILIFE_HDFCLIFE,564,25-04-2025 09:30,SELL,59.82468,83.32,36.33,,32.7528,-52519.7,target_hit,25-04-2025 10:25,nse
TRADE_HISTORY,BAJFINANCE_BAJAJFINSV,565,28-04-2025 09:45,BUY,-139.05079,-262.67,-15.43,,-8.08625,48427.5,target_hit,28-04-2025 12:50,nse
TRADE_HISTORY,IOC_BPCL,566,28-04-2025 10:25,BUY,-1.93645,-3.79,-0.09,,-0.71004,-77608.5,target_hit,28-04-2025 14:50,nse
TRADE_HISTORY,SBILIFE_HDFCLIFE,567,28-04-2025 15:00,SELL,34.04963,60.05,8.05,,4.08489,39279.8,target_hit,29-04-2025 12:00,nse
TRADE_HISTORY,NTPC_POWERGRID,568,29-04-2025 09:30,SELL,6.82094,13.5,0.14,,-2.34999,60906.4,target_hit,30-04-2025 09:15,nse
TRADE_HISTORY,HINDUNILVR_BRITANNIA,569,29-04-2025 11:00,BUY,-36.82219,-71.58,-2.06,,-1.97845,39801.9,target_hit,30-04-2025 10:35,nse
TRADE_HISTORY,SBILIFE_HDFCLIFE,570,30-04-2025 09:45,BUY,-30.82069,-57.72,-3.92,,-3.74645,-7592.7,target_hit,30-04-2025 12:40,nse
TRADE_HISTORY,BAJFINANCE_BAJAJFINSV,571,30-04-2025 09:55,SELL,130.64613,253.17,8.12,,1.84063,59760.9,target_hit,30-04-2025 11:45,nse
TRADE_HISTORY,ULTRACEMCO_SHREECEM,572,30-04-2025 10:45,BUY,-223.51087,-440.11,-6.91,,-2.14395,22685.2,target_hit,02-05-2025 09:15,nse
TRADE_HISTORY,IOC_BPCL,573,30-04-2025 14:45,SELL,2.037,3.98,0.09,,4.17994,-102714.5,stop_loss_hit,02-05-2025 09:50,nse
TRADE_HISTORY,HINDUNILVR_BRITANNIA,574,02-05-2025 09:15,SELL,50.07457,85.81,14.34,,12.26584,-7701.7,target_hit,02-05-2025 12:15,nse
TRADE_HISTORY,IOC_BPCL,575,02-05-2025 09:55,SELL,3.45816,5.55,1.37,,0.58261,5990.3,target_hit,02-05-2025 10:10,nse
TRADE_HISTORY,BAJFINANCE_BAJAJFINSV,576,02-05-2025 11:15,SELL,136.07269,256.32,15.83,,9.75062,20904.0,target_hit,05-05-2025 09:20,nse
TRADE_HISTORY,NTPC_POWERGRID,577,05-05-2025 09:15,BUY,-7.32145,-14.23,-0.41,,-0.25946,-8209.7,target_hit,05-05-2025 13:10,nse
TRADE_HISTORY,IOC_BPCL,578,06-05-2025 09:15,SELL,2.12759,4.1,0.16,,0.08378,38534.4,target_hit,06-05-2025 12:15,nse
TRADE_HISTORY,BAJFINANCE_BAJAJFINSV,579,06-05-2025 09:20,BUY,-128.69875,-259.59,2.19,,15.87589,-31961.4,target_hit,06-05-2025 14:20,nse
TRADE_HISTORY,HINDUNILVR_BRITANNIA,580,06-05-2025 11:20,SELL,37.64587,73.38,1.92,,1.5024,46821.6,target_hit,06-05-2025 13:35,nse
TRADE_HISTORY,NTPC_POWERGRID,581,07-05-2025 09:30,BUY,-7.37411,-14.66,-0.09,,0.30763,15337.6,target_hit,07-05-2025 15:00,nse
TRADE_HISTORY,HINDUNILVR_BRITANNIA,582,08-05-2025 11:55,BUY,-42.71333,-78.75,-6.68,,-6.22196,29520.3,target_hit,08-05-2025 15:10,nse
TRADE_HISTORY,HINDUNILVR_BRITANNIA,583,09-05-2025 09:15,BUY,-58.97727,-96.72,-21.23,,-12.22127,-31042.8,target_hit,09-05-2025 10:35,nse
TRADE_HISTORY,NTPC_POWERGRID,584,09-05-2025 09:30,SELL,8.26792,15.31,1.22,,0.78002,56287.8,target_hit,09-05-2025 10:40,nse
TRADE_HISTORY,ULTRACEMCO_SHREECEM,585,09-05-2025 11:40,BUY,-225.0692,-430.5,-19.64,,-2.62389,29112.0,target_hit,13-05-2025 12:55,nse
TRADE_HISTORY,BAJFINANCE_BAJAJFINSV,586,12-05-2025 09:15,BUY,-8139.99385,-8265.37,-8014.62,,-7999.94698,36257.7,target_hit,12-05-2025 09:20,nse
TRADE_HISTORY,HINDUNILVR_BRITANNIA,587,12-05-2025 09:20,SELL,37.84925,76.32,-0.62,,-2.98689,45402.2,target_hit,12-05-2025 12:15,nse
TRADE_HISTORY,BAJFINANCE_BAJAJFINSV,588,12-05-2025 09:25,BUY,-4579.96358,-4745.0,-4414.93,,-27.6879,-3581.9,target_hit,12-05-2025 09:30,nse
TRADE_HISTORY,INFY_WIPRO,589,12-05-2025 14:35,SELL,28.78098,56.26,1.3,,1.16044,54902.0,target_hit,13-05-2025 12:10,nse
TRADE_HISTORY,NTPC_POWERGRID,590,13-05-2025 09:35,SELL,8.08437,15.19,0.98,,0.94914,7811.9,target_hit,13-05-2025 15:20,nse
TRADE_HISTORY,SBILIFE_HDFCLIFE,591,13-05-2025 12:05,BUY,-27.6653,-53.07,-2.26,,-1.67353,31372.2,target_hit,14-05-2025 14:25,nse
TRADE_HISTORY,HINDUNILVR_BRITANNIA,592,14-05-2025 09:40,BUY,-42.94318,-81.33,-4.56,,-4.38789,51442.4,target_hit,14-05-2025 11:10,nse
TRADE_HISTORY,ULTRACEMCO_SHREECEM,593,14-05-2025 10:55,BUY,-237.36341,-467.34,-7.39,,-349.57173,-86581.9,stop_loss_hit,15-05-2025 09:30,nse
TRADE_HISTORY,ULTRACEMCO_SHREECEM,594,15-05-2025 09:35,BUY,-310.45406,-545.94,-74.97,,-47.64962,-17278.5,target_hit,15-05-2025 10:10,nse
TRADE_HISTORY,ULTRACEMCO_SHREECEM,595,16-05-2025 09:45,SELL,235.53808,470.21,0.86,,-0.55023,45591.7,target_hit,16-05-2025 11:05,nse
TRADE_HISTORY,IOC_BPCL,596,16-05-2025 15:05,BUY,-1.93152,-3.72,-0.14,,-0.09516,32849.9,target_hit,21-05-2025 10:00,nse
TRADE_HISTORY,NTPC_POWERGRID,597,21-05-2025 15:25,SELL,6.80567,13.15,0.46,,13.4372,-63286.9,stop_loss_hit,22-05-2025 09:20,nse
TRADE_HISTORY,SBILIFE_HDFCLIFE,598,22-05-2025 09:15,BUY,-27.24773,-52.46,-2.03,,1.21787,19136.3,target_hit,22-05-2025 15:05,nse
TRADE_HISTORY,NTPC_POWERGRID,599,22-05-2025 09:25,SELL,11.92608,18.3,5.56,,4.25937,31444.2,target_hit,22-05-2025 13:10,nse
TRADE_HISTORY,SBILIFE_HDFCLIFE,600,23-05-2025 09:15,SELL,25.36729,51.9,-1.16,,-3.48084,61975.3,target_hit,23-05-2025 10:10,nse
TRADE_HISTORY,INFY_WIPRO,601,23-05-2025 09:15,SELL,21.36924,38.73,4.01,,1.70495,23569.6,target_hit,26-05-2025 09:20,nse
TRADE_HISTORY,IOC_BPCL,602,26-05-2025 09:20,BUY,-1.97887,-3.79,-0.17,,-0.06228,-42355.8,target_hit,26-05-2025 15:05,nse
TRADE_HISTORY,SBILIFE_HDFCLIFE,603,26-05-2025 09:45,BUY,-27.00158,-52.26,-1.75,,-0.14024,33676.6,target_hit,26-05-2025 12:30,nse
TRADE_HISTORY,HINDUNILVR_BRITANNIA,604,28-05-2025 10:20,SELL,35.15289,68.96,1.35,,-1.64611,64146.4,target_hit,28-05-2025 11:10,nse
TRADE_HISTORY,INFY_WIPRO,605,28-05-2025 12:30,SELL,18.84754,36.36,1.34,,0.97697,35800.8,target_hit,29-05-2025 11:05,nse
TRADE_HISTORY,ULTRACEMCO_SHREECEM,606,29-05-2025 11:05,SELL,202.34948,408.74,-4.04,,-27.21063,42262.0,target_hit,02-06-2025 09:15,nse
TRADE_HISTORY,SBILIFE_HDFCLIFE,607,29-05-2025 13:05,SELL,20.77611,42.36,-0.81,,-3.67499,15452.0,target_hit,30-05-2025 12:10,nse
TRADE_HISTORY,INFY_WIPRO,608,30-05-2025 09:15,BUY,-27.54589,-44.25,-10.84,,-10.71848,25256.9,target_hit,30-05-2025 11:35,nse
TRADE_HISTORY,HINDUNILVR_BRITANNIA,609,02-06-2025 09:15,BUY,-59.45942,-89.97,-28.95,,-24.55443,23113.6,target_hit,02-06-2025 12:15,nse
TRADE_HISTORY,SBILIFE_HDFCLIFE,610,02-06-2025 10:20,SELL,24.74836,46.28,3.22,,2.16612,22482.3,target_hit,02-06-2025 13:30,nse
TRADE_HISTORY,NTPC_POWERGRID,611,02-06-2025 11:30,BUY,-6.31281,-12.59,-0.03,,0.04342,26052.4,target_hit,04-06-2025 15:05,nse
TRADE_HISTORY,IOC_BPCL,612,03-06-2025 10:15,SELL,1.71267,3.43,-0.01,,-0.25707,23923.4,target_hit,04-06-2025 09:15,nse
TRADE_HISTORY,SBILIFE_HDFCLIFE,613,03-06-2025 11:20,SELL,22.10933,44.8,-0.58,,-0.82613,49300.0,target_hit,03-06-2025 12:35,nse
TRADE_HISTORY,NTPC_POWERGRID,614,05-06-2025 11:10,BUY,-6.51774,-12.93,-0.1,,0.20342,25730.1,target_hit,09-06-2025 12:15,nse
TRADE_HISTORY,ICICIBANK_KOTAKBANK,615,05-06-2025 12:10,SELL,20.93905,40.23,1.65,,1.32371,44960.8,target_hit,06-06-2025 10:35,nse
TRADE_HISTORY,IOC_BPCL,616,06-06-2025 12:40,BUY,-2.12351,-3.92,-0.32,,-0.21914,41891.3,target_hit,09-06-2025 09:40,nse
TRADE_HISTORY,ICICIBANK_KOTAKBANK,617,09-06-2025 09:15,BUY,-18.26659,-32.97,-3.57,,-33.96147,-65780.8,stop_loss_hit,09-06-2025 09:25,nse
TRADE_HISTORY,ICICIBANK_KOTAKBANK,618,09-06-2025 09:30,BUY,-38.24749,-52.97,-23.52,,-8.47403,-46888.8,target_hit,09-06-2025 10:10,nse
TRADE_HISTORY,BAJFINANCE_BAJAJFINSV,619,09-06-2025 09:40,SELL,22.65951,45.12,0.2,,-0.81322,-3093.3,target_hit,09-06-2025 10:00,nse
TRADE_HISTORY,SBILIFE_HDFCLIFE,620,09-06-2025 10:00,SELL,24.69539,48.67,0.72,,-2.38318,-20436.5,target_hit,09-06-2025 13:45,nse
TRADE_HISTORY,IOC_BPCL,621,11-06-2025 09:50,BUY,-1.84758,-3.55,-0.14,,0.02541,-26809.3,target_hit,12-06-2025 09:20,nse
TRADE_HISTORY,ULTRACEMCO_SHREECEM,622,11-06-2025 12:10,SELL,197.93284,389.56,6.31,,-30.94728,54414.6,target_hit,13-06-2025 09:15,nse
TRADE_HISTORY,NTPC_POWERGRID,623,11-06-2025 12:15,SELL,6.42114,12.53,0.31,,-0.82951,-2870.7,target_hit,16-06-2025 09:15,nse
TRADE_HISTORY,INFY_WIPRO,624,11-06-2025 12:45,BUY,-21.13715,-36.92,-5.35,,-3.91514,65145.2,target_hit,11-06-2025 12:55,nse
TRADE_HISTORY,BAJFINANCE_BAJAJFINSV,625,12-06-2025 09:25,BUY,-20.07892,-37.72,-2.44,,-1.65943,-3602.3,target_hit,12-06-2025 15:20,nse
TRADE_HISTORY,HINDUNILVR_BRITANNIA,626,12-06-2025 10:05,BUY,-35.02928,-67.03,-3.03,,-2.80565,42951.3,target_hit,13-06-2025 09:40,nse
TRADE_HISTORY,IOC_BPCL,627,12-06-2025 10:40,SELL,1.99254,3.78,0.2,,0.09816,-30340.5,target_hit,12-06-2025 14:10,nse
TRADE_HISTORY,INFY_WIPRO,628,12-06-2025 11:15,BUY,-16.56536,-31.9,-1.23,,-30.73817,-78556.3,stop_loss_hit,13-06-2025 10:55,nse
TRADE_HISTORY,IOC_BPCL,629,13-06-2025 09:30,SELL,2.85494,4.7,1.01,,1.00362,6199.2,target_hit,13-06-2025 10:30,nse
TRADE_HISTORY,INFY_WIPRO,630,13-06-2025 11:00,BUY,-29.58257,-46.76,-12.4,,-11.22574,18759.1,target_hit,13-06-2025 12:35,nse
TRADE_HISTORY,IOC_BPCL,631,16-06-2025 09:25,BUY,-2.08121,-3.99,-0.18,,-0.03229,43357.7,target_hit,16-06-2025 10:35,nse
TRADE_HISTORY,ULTRACEMCO_SHREECEM,632,18-06-2025 09:40,SELL,170.25238,338.66,1.85,,-9.14058,-12443.4,target_hit,19-06-2025 12:25,nse
TRADE_HISTORY,HINDUNILVR_BRITANNIA,633,18-06-2025 11:35,BUY,-34.28331,-64.87,-3.7,,-2.91214,19474.2,target_hit,19-06-2025 13:00,nse
TRADE_HISTORY,INFY_WIPRO,634,19-06-2025 09:35,BUY,-21.64926,-39.62,-3.68,,-3.26537,-1183.0,target_hit,20-06-2025 09:45,nse
TRADE_HISTORY,SBILIFE_HDFCLIFE,635,19-06-2025 11:15,SELL,22.84033,45.37,0.31,,-0.3928,51716.6,target_hit,20-06-2025 09:50,nse
TRADE_HISTORY,IOC_BPCL,636,19-06-2025 13:45,BUY,-2.00293,-3.83,-0.18,,-0.16062,-38915.7,target_hit,20-06-2025 14:10,nse
TRADE_HISTORY,BAJFINANCE_BAJAJFINSV,637,20-06-2025 09:15,BUY,-24.67916,-44.97,-4.39,,-4.25348,49543.5,target_hit,23-06-2025 09:45,nse
TRADE_HISTORY,NTPC_POWERGRID,638,20-06-2025 10:15,BUY,-5.57429,-11.27,0.12,,-13.89227,-107380.4,stop_loss_hit,24-06-2025 09:15,nse
TRADE_HISTORY,ULTRACEMCO_SHREECEM,639,20-06-2025 15:00,SELL,155.00209,301.41,8.6,,131.84886,-78704.2,target_hit,23-06-2025 15:25,nse
TRADE_HISTORY,INFY_WIPRO,640,23-06-2025 09:20,BUY,-17.15446,-34.24,-0.07,,-0.00446,12715.9,target_hit,23-06-2025 14:30,nse
TRADE_HISTORY,ULTRACEMCO_SHREECEM,641,24-06-2025 09:15,SELL,244.03859,396.39,91.69,,83.48719,-25180.4,target_hit,24-06-2025 09:40,nse
TRADE_HISTORY,NTPC_POWERGRID,642,24-06-2025 09:20,BUY,-12.98043,-18.81,-7.15,,-6.5558,47668.8,target_hit,24-06-2025 10:45,nse
TRADE_HISTORY,INFY_WIPRO,643,24-06-2025 09:40,BUY,-21.59538,-38.71,-4.48,,-3.1245,27685.5,target_hit,24-06-2025 12:10,nse
TRADE_HISTORY,NTPC_POWERGRID,644,24-06-2025 10:50,BUY,-6.48614,-12.83,-0.14,,0.27629,54643.5,target_hit,24-06-2025 12:15,nse
TRADE_HISTORY,HINDUNILVR_BRITANNIA,645,24-06-2025 15:00,BUY,-35.74925,-67.99,-3.51,,-2.07728,-37376.9,target_hit,25-06-2025 12:40,nse
TRADE_HISTORY,SBILIFE_HDFCLIFE,646,24-06-2025 15:25,SELL,23.4831,45.09,1.87,,0.30328,60558.0,target_hit,25-06-2025 13:30,nse
TRADE_HISTORY,ULTRACEMCO_SHREECEM,647,26-06-2025 09:15,BUY,-169.88418,-313.66,-26.1,,-14.74448,-18879.9,target_hit,26-06-2025 11:00,nse
TRADE_HISTORY,IOC_BPCL,648,26-06-2025 09:40,BUY,-2.34206,-4.12,-0.57,,-0.49545,42479.8,target_hit,26-06-2025 12:15,nse
TRADE_HISTORY,SBILIFE_HDFCLIFE,649,27-06-2025 09:15,BUY,-35.14366,-55.89,-14.39,,-13.31695,-8684.0,target_hit,27-06-2025 14:30,nse
TRADE_HISTORY,INFY_WIPRO,650,27-06-2025 09:15,SELL,17.7515,33.86,1.65,,0.79629,11284.7,target_hit,30-06-2025 11:25,nse
TRADE_HISTORY,ULTRACEMCO_SHREECEM,651,27-06-2025 10:50,BUY,-168.1781,-317.59,-18.77,,-14.62922,-21296.2,target_hit,27-06-2025 14:10,nse
TRADE_HISTORY,ULTRACEMCO_SHREECEM,652,27-06-2025 15:25,SELL,190.98654,352.07,29.91,,29.31227,42387.9,target_hit,30-06-2025 09:35,nse
TRADE_HISTORY,NTPC_POWERGRID,653,30-06-2025 09:20,BUY,-6.51875,-12.82,-0.22,,0.54002,-1408.1,target_hit,02-07-2025 09:15,nse
TRADE_HISTORY,ULTRACEMCO_SHREECEM,654,01-07-2025 09:15,BUY,-240.31837,-401.37,-79.27,,-43.17625,43525.9,target_hit,01-07-2025 10:30,nse
TRADE_HISTORY,SBILIFE_HDFCLIFE,655,01-07-2025 13:45,SELL,21.59798,45.18,-1.99,,39.59231,-81543.2,stop_loss_hit,02-07-2025 09:45,nse
TRADE_HISTORY,HINDUNILVR_BRITANNIA,656,02-07-2025 09:15,SELL,30.04067,58.57,1.51,,-6.61673,73783.4,target_hit,02-07-2025 10:00,nse
TRADE_HISTORY,INFY_WIPRO,657,02-07-2025 09:25,SELL,18.13975,35.34,0.94,,-0.75351,55522.9,target_hit,02-07-2025 11:10,nse
TRADE_HISTORY,SBILIFE_HDFCLIFE,658,02-07-2025 09:50,SELL,35.82967,60.38,11.28,,8.50856,16168.5,target_hit,02-07-2025 10:15,nse
TRADE_HISTORY,ULTRACEMCO_SHREECEM,659,02-07-2025 11:25,SELL,164.59087,325.13,4.05,,2.35734,17992.7,target_hit,02-07-2025 14:15,nse
TRADE_HISTORY,SBILIFE_HDFCLIFE,660,03-07-2025 09:15,SELL,32.68714,56.44,8.93,,7.58079,61197.7,target_hit,03-07-2025 09:25,nse
TRADE_HISTORY,INFY_WIPRO,661,03-07-2025 09:40,BUY,-18.29117,-35.97,-0.61,,-0.28421,50860.6,target_hit,03-07-2025 14:50,nse
TRADE_HISTORY,IOC_BPCL,662,04-07-2025 11:30,BUY,-2.62546,-4.31,-0.94,,-0.75093,51239.7,target_hit,04-07-2025 14:45,nse
TRADE_HISTORY,HINDUNILVR_BRITANNIA,663,04-07-2025 11:50,SELL,25.00104,52.36,-2.36,,35.03791,-86981.6,stop_loss_hit,07-07-2025 09:25,nse
TRADE_HISTORY,HINDUNILVR_BRITANNIA,664,07-07-2025 09:30,SELL,36.27071,66.7,5.84,,3.24749,-21110.8,target_hit,07-07-2025 10:50,nse
TRADE_HISTORY,IOC_BPCL,665,08-07-2025 10:25,BUY,-2.42174,-4.21,-0.64,,-0.4294,-40993.2,target_hit,08-07-2025 11:35,nse
TRADE_HISTORY,HINDUNILVR_BRITANNIA,666,09-07-2025 09:20,SELL,30.53587,60.44,0.64,,-2.4547,40688.7,target_hit,09-07-2025 15:05,nse
TRADE_HISTORY,INFY_WIPRO,667,09-07-2025 12:40,SELL,19.46202,37.7,1.22,,0.0774,54069.4,target_hit,10-07-2025 13:50,nse
TRADE_HISTORY,ULTRACEMCO_SHREECEM,668,10-07-2025 09:25,SELL,190.26901,346.62,33.91,,13.60842,18694.1,target_hit,10-07-2025 14:45,nse
TRADE_HISTORY,SBILIFE_HDFCLIFE,669,10-07-2025 10:15,SELL,22.17853,44.53,-0.17,,53.60453,-92064.0,stop_loss_hit,10-07-2025 12:25,nse
TRADE_HISTORY,SBILIFE_HDFCLIFE,670,10-07-2025 12:30,SELL,48.83631,71.64,26.04,,24.62778,32107.4,target_hit,10-07-2025 14:10,nse
TRADE_HISTORY,IOC_BPCL,671,10-07-2025 14:05,SELL,1.66107,3.39,-0.07,,-0.27298,-19091.6,target_hit,11-07-2025 13:35,nse
TRADE_HISTORY,SBILIFE_HDFCLIFE,672,10-07-2025 14:15,SELL,26.04432,50.9,1.19,,17.40332,-73992.3,target_hit,11-07-2025 10:50,nse
TRADE_HISTORY,HINDUNILVR_BRITANNIA,673,11-07-2025 09:15,SELL,73.9909,103.99,43.99,,34.31498,-46535.1,target_hit,11-07-2025 10:05,nse
TRADE_HISTORY,INFY_WIPRO,674,11-07-2025 10:05,SELL,20.49555,38.0,2.99,,1.50796,43033.9,target_hit,14-07-2025 09:15,nse
TRADE_HISTORY,BAJFINANCE_BAJAJFINSV,675,11-07-2025 10:35,SELL,13.06799,26.46,-0.32,,-4.10758,71898.1,target_hit,14-07-2025 09:15,nse
TRADE_HISTORY,HINDUNILVR_BRITANNIA,676,11-07-2025 13:00,SELL,32.8599,67.01,-1.29,,-4.14641,10195.8,target_hit,11-07-2025 14:30,nse
TRADE_HISTORY,SBILIFE_HDFCLIFE,677,14-07-2025 09:15,SELL,24.15707,49.42,-1.11,,-1.40362,37849.1,target_hit,14-07-2025 10:15,nse
TRADE_HISTORY,INFY_WIPRO,678,14-07-2025 10:45,SELL,19.68859,36.7,2.67,,0.00239,25292.5,target_hit,14-07-2025 13:45,nse
TRADE_HISTORY,INFY_WIPRO,679,16-07-2025 09:20,BUY,-20.7156,-37.96,-3.47,,-3.23808,57673.8,target_hit,16-07-2025 09:55,nse
TRADE_HISTORY,INFY_WIPRO,680,18-07-2025 09:15,BUY,-46.04591,-63.0,-29.09,,-28.07645,10720.2,target_hit,18-07-2025 09:40,nse
TRADE_HISTORY,SBILIFE_HDFCLIFE,681,18-07-2025 09:50,BUY,-27.72624,-52.27,-3.18,,-3.03462,49726.1,target_hit,18-07-2025 11:50,nse
TRADE_HISTORY,BAJFINANCE_BAJAJFINSV,682,21-07-2025 09:25,SELL,13.65622,27.99,-0.68,,-2.33183,-14114.8,target_hit,24-07-2025 09:15,nse
TRADE_HISTORY,INFY_WIPRO,683,21-07-2025 09:25,SELL,23.49154,41.1,5.89,,4.12213,10547.2,target_hit,21-07-2025 11:05,nse
TRADE_HISTORY,IOC_BPCL,684,21-07-2025 12:15,SELL,1.5976,3.28,-0.08,,0.97072,-76615.6,target_hit,22-07-2025 15:00,nse
TRADE_HISTORY,ULTRACEMCO_SHREECEM,685,21-07-2025 13:50,BUY,-137.60705,-281.23,6.02,,-309.47686,-79439.7,stop_loss_hit,22-07-2025 09:30,nse
TRADE_HISTORY,ULTRACEMCO_SHREECEM,686,22-07-2025 09:35,BUY,-230.18715,-376.86,-83.52,,-388.58425,-69072.7,stop_loss_hit,22-07-2025 09:55,nse
TRADE_HISTORY,ULTRACEMCO_SHREECEM,687,22-07-2025 10:00,BUY,-402.06342,-551.74,-252.38,,-149.21982,-24779.2,target_hit,22-07-2025 10:35,nse
TRADE_HISTORY,SBILIFE_HDFCLIFE,688,22-07-2025 10:25,BUY,-31.29046,-56.65,-5.93,,-4.85839,34674.5,target_hit,23-07-2025 11:10,nse
TRADE_HISTORY,ULTRACEMCO_SHREECEM,689,23-07-2025 09:25,SELL,192.19091,354.22,30.16,,13.52009,-8164.3,target_hit,23-07-2025 11:45,nse
TRADE_HISTORY,INFY_WIPRO,690,23-07-2025 15:15,BUY,-16.50797,-33.21,0.2,,-33.75691,-69355.7,stop_loss_hit,24-07-2025 09:45,nse
TRADE_HISTORY,INFY_WIPRO,691,24-07-2025 09:50,BUY,-32.4187,-49.65,-15.19,,-15.16483,24223.2,target_hit,24-07-2025 10:45,nse
TRADE_HISTORY,SBILIFE_HDFCLIFE,692,25-07-2025 09:20,SELL,54.87246,81.49,28.25,,24.68673,22557.2,target_hit,25-07-2025 10:25,nse
TRADE_HISTORY,ULTRACEMCO_SHREECEM,693,25-07-2025 10:50,SELL,216.88784,377.97,55.81,,54.28703,-27482.5,target_hit,25-07-2025 11:55,nse
TRADE_HISTORY,BAJFINANCE_BAJAJFINSV,694,25-07-2025 14:00,BUY,-15.36329,-30.83,0.11,,-31.27949,-72220.1,stop_loss_hit,28-07-2025 09:25,nse
